<?xml version="1.0" encoding="utf-8" standalone="yes"?>
<rss version="2.0" xmlns:atom="http://www.w3.org/2005/Atom">
  <channel>
    <title>Tools on MIT OpenCourseWare</title>
    <link>/resources/tools/</link>
    <description>Recent content in Tools on MIT OpenCourseWare</description>
    <generator>Hugo</generator>
    <language>en-us</language>
    <atom:link href="/resources/tools/index.xml" rel="self" type="application/rss+xml" />
    <item>
      <title>2x2Jacobians.jl</title>
      <link>/resources/2x2jacobians_jl/data.json</link>
      <pubDate>Mon, 01 Jan 0001 00:00:00 +0000</pubDate>
      <guid>/resources/2x2jacobians_jl/data.json</guid>
      <description>&lt;p&gt;Pluto notebook source code.&lt;/p&gt;</description>
    </item>
    <item>
      <title>determinant_and_inverse.jl</title>
      <link>/resources/determinant_and_inverse_jl/data.json</link>
      <pubDate>Mon, 01 Jan 0001 00:00:00 +0000</pubDate>
      <guid>/resources/determinant_and_inverse_jl/data.json</guid>
      <description>&lt;p&gt;Julia source code.&lt;/p&gt;</description>
    </item>
    <item>
      <title>symeig.jl</title>
      <link>/resources/symeig_jl/data.json</link>
      <pubDate>Mon, 01 Jan 0001 00:00:00 +0000</pubDate>
      <guid>/resources/symeig_jl/data.json</guid>
      <description></description>
    </item>
  </channel>
</rss>
