{
  "title":"Lecture 7 Part 1: Derivatives of Random Functions",
  "description": null,
  "file": "/courses/18-s096-matrix-calculus-for-machine-learning-and-beyond-january-iap-2023/ocw_18s096_lecture07-part1_2023feb01_360p_16_9.mp4",
  "learning_resource_types": ["Lecture Videos"],
  "resource_type": "Video",
  "file_type": "video/mp4",
  "youtube_key":  "feU1kISxPDM",
  "captions_file": "/courses/18-s096-matrix-calculus-for-machine-learning-and-beyond-january-iap-2023/19_-b47PnGFbw50sEzpqpqBycmlTgPmpf_transcript.webvtt",
  "transcript_file": "/courses/18-s096-matrix-calculus-for-machine-learning-and-beyond-january-iap-2023/19_-b47PnGFbw50sEzpqpqBycmlTgPmpf_transcript.pdf",
  "thumbnail_file": "https://img.youtube.com/vi/feU1kISxPDM/default.jpg",
  "archive_url": ""}
