{"0218323b-1209-4c71-81b1-3da3dd967d5d":"/resources/mit18_s096iap23_pset2_pdf/data.json","0bf49c20-75d0-4e15-a605-390ec1f204e1":"/resources/mit18_s096iap23_lec07_pdf/data.json","12a43af7-fef7-43ce-8263-3303c3b06d11":"/resources/ocw_18s096_lecture05-part1-new_2023jan27_mp4/data.json","189b8228-a500-472b-bf15-8b3d2a1abd68":"/resources/ocw_18s096_lecture03-part2_2023jan23_mp4/data.json","1a34cc63-b920-4b86-80da-3c0f7566b9d5":"/resources/mit18_s096iap23_lec6_pdf/data.json","1fb6c24e-c6b5-41f7-9405-56f9ff7bb689":"/resources/mit18_s096iap23_lec09_pdf/data.json","24996818-5f40-4f1e-b16a-01ffbf1af4b6":"/resources/mit18_s096iap23_pset1sol_t_tex/data.json","2a26b57b-0bd9-4889-9564-94b1486deece":"/resources/ocw_18s096_lecture07-part1_2023feb01_mp4/data.json","40956322-eb8c-4e1d-8f21-d2e60888f142":"/resources/ocw_18s096_lecture04-part2_2023jan26_mp4/data.json","42a5fbf2-e0a4-4b1d-b032-d873ef67b0b9":"/resources/fd_checks_ipynb/data.json","4753711e-3fce-40a0-9a52-4a7fdf51a06f":"/resources/symeig_jl/data.json","4eca7e53-5fc8-49db-b808-e09685ee385e":"/resources/mit18_s096iap23_lec10_pdf/data.json","532b0906-f056-4c35-8800-db8207fd5011":"/resources/mit18_s096iap23_lec01_pdf/data.json","58261f48-bbeb-4a98-b042-4ce2be056a03":"/resources/determinant_and_inverse_jl/data.json","6022638f-03f2-43b5-9d10-027ea400c2ee":"/resources/mit18_s096_iap23_chp_th_jpg/data.json","66c54261-a439-4a39-b411-1203c515af8b":"/resources/ocw_18s096_lecture06-part1_2023jan30_mp4/data.json","6ba1e5b8-0fb9-454e-9a1c-372bfcbaae9a":"/resources/mit18_s096iap23_lec04_pdf/data.json","6c74b829-6a1a-4c23-bdf3-65eb105ae7b9":"/resources/ocw_18s096_lecture05-part3-new_2023jan27_mp4/data.json","6d55b3ea-f560-4129-9386-11f2f0f329e6":"/resources/mit18_s096iap23_lec06_pdf/data.json","750cc552-cdcf-4923-8911-291964b3c4ca":"/resources/mit18_s096iap23_pset2sol_i_ipynb/data.json","7724967d-1b72-4498-b202-440d7437d3eb":"/resources/mit18_s096iap23_lec12_pdf/data.json","7af616b9-bb47-4b92-88fb-f01a4faed704":"/resources/mit18_s096iap23_lec05_pdf/data.json","7f5fae70-8417-403a-8f31-cb860e390ee3":"/resources/mit18_s096iap23_pset2sol_pdf/data.json","800b4958-6d2c-4a05-a2b0-a443000174fc":"/resources/ocw_18s096_lecture02-part1_2023jan20_mp4/data.json","839d4c5e-73c0-46ca-8448-3def18ffb74f":"/resources/ocw_18s096_lecture05-part2-new_2023jan27_mp4/data.json","8410db20-0c22-4039-bab4-8bbf9182e98c":"/resources/mit18_s096_iap23_chp_jpg/data.json","91dc859a-fc0f-4613-a259-82c467d95cb4":"/resources/ocw_18s096_lecture01-part2_2023jan18_mp4/data.json","94e41184-7953-4828-a991-9a1a789b5016":"/resources/ocw_18s096_lecture05-part2-new_2023jan27_transcript_pdf/data.json","98865698-8f4e-4766-9e15-a2d0d1d8f14d":"/resources/mit18_s096iap23_lec03_pdf/data.json","9fd88372-1038-4357-aa90-f61ab984cc2e":"/resources/ocw_18s096_lecture08-part1_2023feb03_mp4/data.json","a5d954ee-e1c0-4ff2-a4da-7c2db12f9e49":"/video_galleries/lecture-videos/data.json","a7e73205-5887-4af2-b241-f0726443b1b0":"/pages/problem-sets/data.json","a808ec72-0d70-4854-9d37-5662d2ac5f82":"/resources/ocw_18s096_lecture08-part2_2023feb03_mp4/data.json","abd2b9f7-e4bc-4120-86e3-172366d5567e":"/resources/ocw_18s096_lecture03-part1_2023jan23_mp4/data.json","adc0dbf2-261c-4819-9746-a98d13f116b6":"/resources/mit18_s096iap23_pset2sol_t_tex/data.json","b018ef96-3c7c-4a78-92c0-c45d4a437854":"/resources/ocw_18s096_lecture02-part2_2023jan20_mp4/data.json","b67b8d11-1918-467a-bb76-1cfdb8289174":"/resources/mit18_s096iap23_lec_full_pdf/data.json","c135bd06-d239-432f-9f85-c1a607636ad3":"/resources/mit18_s096iap23_lec13_pdf/data.json","c2b5e29a-28a5-4999-b4db-92e9fa59b798":"/pages/instructor-insights/data.json","c649638c-8d02-4221-ba19-ebc202192803":"/pages/syllabus/data.json","c66c314f-efc2-4a08-9982-e966fb2400c6":"/resources/mit18_s096iap23_lec7_pdf/data.json","c706382e-ab8b-4966-8590-1f14121695ef":"/resources/mit18_s096iap23_pset1_t_tex/data.json","c9e3cf24-3f7f-4809-bd62-a1c0b336fb72":"/resources/ocw_18s096_lecture06-part2_2023jan30_mp4/data.json","ca28813c-b2a7-4605-a959-8e619d184f52":"/resources/ocw_18s096_lecture05-part2-new_2023jan27_captions_vtt/data.json","cac966ef-8403-4899-921d-a6ac53c2c50e":"/resources/mit18_s096iap23_pset1sol_pdf/data.json","cbb92b8e-bb9d-4543-8f22-877b7ea83952":"/resources/mit18_s096iap23_pset1_pdf/data.json","d32276fb-c8ab-4d49-97e7-d2ea5e9ab488":"/resources/ocw_18s096_lecture05-part1-new_2023jan27_transcript_pdf/data.json","d4e3a296-cce8-4336-8d7f-b4e2b6ab113a":"/resources/ocw_18s096_lecture05-part1-new_2023jan27_captions_vtt/data.json","d6549c38-24d1-4cad-85ba-b7be4bf7f9e1":"/resources/2x2jacobians_jl/data.json","d68aae18-b0d7-46a3-923c-9447df813789":"/resources/ocw_18s096_lecture01_part1_2023jan18_mp4/data.json","d80e29bd-e7c8-4feb-836e-6afa2914ccde":"/resources/mit18_s096iap23_lec02_pdf/data.json","d9b97754-b3d3-4aa8-be4a-f8d2807d6174":"/resources/mit18_s096iap23_pset2_t_tex/data.json","db5aaa4c-5321-46b2-8ef2-55b2a072adeb":"/resources/mit18_s096iap23_lec1_pdf/data.json","dc60f1da-e984-4045-b07c-af4129d934e0":"/pages/lecture-notes/data.json","dd866538-0b2b-491b-85f9-005b8cbc7673":"/resources/mit18_s096iap23_lec08_pdf/data.json","e05301ee-cac2-4ec5-b5b0-f03cdac8bd4a":"/resources/ocw_18s096_lecture07-part2_2023feb01_mp4/data.json","e46f9d46-cd58-4cca-91d5-2ec64ff054c9":"/resources/mit18_s096iap23_lec14_pdf/data.json","f008d5f0-2fb0-4b39-b293-d2300371ea52":"/resources/ocw_18s096_lecture04-part1_2023jan26_mp4/data.json","f46d4277-f227-44f7-a6dd-7176e7d45df4":"/resources/mit18_s096iap23_lec4_pdf/data.json","f51fd29e-7022-48ad-bb23-a743af2c5db8":"/resources/ocw_18s096_lecture05-part3-new_2023jan27_captions_vtt/data.json","f6352fea-119f-4447-809e-e79ec6bb1056":"/resources/ocw_18s096_lecture05-part3-new_2023jan27_transcript_pdf/data.json","fac33ef4-019f-476c-9104-d996597440f4":"/resources/autodiff_ipynb/data.json","fded1bcb-d245-458c-987c-0198068064e5":"/resources/mit18_s096_iap23_chp_gif/data.json","ffdcd720-dc4b-467a-861a-a6ff79ab6ff4":"/resources/mit18_s096iap23_lec11_pdf/data.json"}