{
  "course_title":"Matrix Calculus for Machine Learning and Beyond",
  "course_description":"We all know that calculus courses such as [*18.01 Single Variable Calculus*](https://ocw.mit.edu/courses/18-01sc-single-variable-calculus-fall-2010/) and [*18.02 Multivariable Calculus*](https://ocw.mit.edu/courses/18-02sc-multivariable-calculus-fall-2010/) cover univariate and vector calculus, respectively. Modern applications such as machine learning and large-scale optimization require the next big step, \"matrix calculus\" and calculus on arbitrary vector spaces.\n\nThis class covers a coherent approach to matrix calculus showing techniques that allow you to think of a matrix holistically (not just as an array of scalars), generalize and compute derivatives of important matrix factorizations and many other complicated-looking operations, and understand how differentiation formulas must be reimagined in large-scale computing.",
  "course_description_html":"<p>We all know that calculus courses such as <a href=\"https://ocw.mit.edu/courses/18-01sc-single-variable-calculus-fall-2010/\" target=\"_blank\" rel=\"noopener\"><em>18.01 Single Variable Calculus</em></a> and <a href=\"https://ocw.mit.edu/courses/18-02sc-multivariable-calculus-fall-2010/\" target=\"_blank\" rel=\"noopener\"><em>18.02 Multivariable Calculus</em></a> cover univariate and vector calculus, respectively. Modern applications such as machine learning and large-scale optimization require the next big step, &ldquo;matrix calculus&rdquo; and calculus on arbitrary vector spaces.</p>\n<p>This class covers a coherent approach to matrix calculus showing techniques that allow you to think of a matrix holistically (not just as an array of scalars), generalize and compute derivatives of important matrix factorizations and many other complicated-looking operations, and understand how differentiation formulas must be reimagined in large-scale computing.</p>\n",
  "site_uid":"e54b7126-df94-456a-95d2-3acf4f18a65f",
  "legacy_uid":"","instructors": [{
    "first_name":"Alan",
    "last_name":"Edelman",
    "middle_initial":"",
    "salutation":"Prof.",
    "title":"Prof. Alan Edelman"},{
    "first_name":"Steven",
    "last_name":"Johnson",
    "middle_initial":"G.",
    "salutation":"Prof.",
    "title":"Prof. Steven G. Johnson"}],"department_numbers":["18"],
  "learning_resource_types":["Lecture Videos","Lecture Notes","Problem Sets with Solutions","Readings","Instructor Insights"],
  "topics":[["Mathematics","Applied Mathematics"],["Mathematics","Calculus"],["Mathematics","Linear Algebra"]],
  "mit_learn_topics":null,
  "primary_course_number":"18.S096",
  "extra_course_numbers":"",
  "term":"January IAP",
  "year":"2023",
  "level":["Undergraduate"],
  "hide_download":false,
  "image_src":"./static_resources/mit18_s096_iap23_chp.jpg",
  "course_image_metadata":{"body":"","content_type":"resource","draft":false,"file":"/courses/18-s096-matrix-calculus-for-machine-learning-and-beyond-january-iap-2023/mit18_s096_iap23_chp.jpg","file_size":75049,"file_type":"image/jpeg","image_metadata":{"caption":"You may think you mastered derivatives after learning a few simple rules, but you could be bewildered if you are faced with more complicated functions like a matrix determinant (what is a derivative “with respect to a matrix”?), the solution of a differential equation, or other huge practical calculations.  We address such topics by re-emphasizing what a derivative really is — linearization — and refocusing differential calculus on the linear algebra at its heart. (Image courtesy of Prof. Steven G. Johnson.)","credit":"","image-alt":"The text \"So, you think you know how to take derivatives?\" surrounded by derivatives."},"iscjklanguage":false,"learning_resource_types":[],"license":"https://creativecommons.org/licenses/by-nc-sa/4.0/","resourcetype":"Image","title":"mit18_s096_iap23_chp.jpg","uid":"8410db20-0c22-4039-bab4-8bbf9182e98c","video_files":{"archive_url":"","video_captions_file":"","video_thumbnail_file":"","video_transcript_file":""},"video_metadata":{"video_speakers":"","video_tags":"","youtube_description":"","youtube_id":""}}}

