{
  "title":"Lecture 1 Part 2: Derivatives as Linear Operators",
  "description": null,
  "file": "/courses/18-s096-matrix-calculus-for-machine-learning-and-beyond-january-iap-2023/ocw_18s096_lecture01-part2_2023jan18_360p_16_9.mp4",
  "learning_resource_types": ["Lecture Videos"],
  "resource_type": "Video",
  "file_type": "video/mp4",
  "youtube_key":  "5DUQ3-Y_gX4",
  "captions_file": "/courses/18-s096-matrix-calculus-for-machine-learning-and-beyond-january-iap-2023/1VwFjcMbHFwFssQo1Zt-V79u0RTzYctzq_transcript.webvtt",
  "transcript_file": "/courses/18-s096-matrix-calculus-for-machine-learning-and-beyond-january-iap-2023/1VwFjcMbHFwFssQo1Zt-V79u0RTzYctzq_transcript.pdf",
  "thumbnail_file": "https://img.youtube.com/vi/5DUQ3-Y_gX4/default.jpg",
  "archive_url": ""}
