{
  "title":"Lecture 4 Part 1: Gradients and Inner Products in Other Vector Spaces",
  "description": null,
  "file": "/courses/18-s096-matrix-calculus-for-machine-learning-and-beyond-january-iap-2023/ocw_18s096_lecture04-part1_2023jan26_360p_16_9.mp4",
  "learning_resource_types": ["Lecture Videos"],
  "resource_type": "Video",
  "file_type": "video/mp4",
  "youtube_key":  "qWYtrT4TeIs",
  "captions_file": "/courses/18-s096-matrix-calculus-for-machine-learning-and-beyond-january-iap-2023/1m8U5Q3yI56uAUfpAwETeNaNlKVOJM8qp_transcript.webvtt",
  "transcript_file": "/courses/18-s096-matrix-calculus-for-machine-learning-and-beyond-january-iap-2023/1m8U5Q3yI56uAUfpAwETeNaNlKVOJM8qp_transcript.pdf",
  "thumbnail_file": "https://img.youtube.com/vi/qWYtrT4TeIs/default.jpg",
  "archive_url": ""}
