{
  "title":"Lecture 5 Part 2: Forward Automatic Differentiation via Dual Numbers",
  "description": null,
  "file": "/courses/18-s096-matrix-calculus-for-machine-learning-and-beyond-january-iap-2023/ocw_18s096_lecture05-part2-new_2023jan27_360p_16_9.mp4",
  "learning_resource_types": ["Lecture Videos"],
  "resource_type": "Video",
  "file_type": "video/mp4",
  "youtube_key":  "5F6roh4pmJU",
  "captions_file": "/courses/18-s096-matrix-calculus-for-machine-learning-and-beyond-january-iap-2023/ocw_18s096_lecture05-part2-new_2023jan27_captions.vtt",
  "transcript_file": "/courses/18-s096-matrix-calculus-for-machine-learning-and-beyond-january-iap-2023/ocw_18s096_lecture05-part2-new_2023jan27_transcript.pdf",
  "thumbnail_file": "https://img.youtube.com/vi/5F6roh4pmJU/default.jpg",
  "archive_url": ""}
