{
  "title":"Lecture 3 Part 1: Kronecker Products and Jacobians",
  "description": null,
  "file": "/courses/18-s096-matrix-calculus-for-machine-learning-and-beyond-january-iap-2023/ocw_18s096_lecture03-part1_2023jan23_360p_16_9.mp4",
  "learning_resource_types": ["Lecture Videos"],
  "resource_type": "Video",
  "file_type": "video/mp4",
  "youtube_key":  "BKo57m-uU1k",
  "captions_file": "/courses/18-s096-matrix-calculus-for-machine-learning-and-beyond-january-iap-2023/1BZPcIy3JwKPgDcOSM-zp_293D_eKdPn3_transcript.webvtt",
  "transcript_file": "/courses/18-s096-matrix-calculus-for-machine-learning-and-beyond-january-iap-2023/1BZPcIy3JwKPgDcOSM-zp_293D_eKdPn3_transcript.pdf",
  "thumbnail_file": "https://img.youtube.com/vi/BKo57m-uU1k/default.jpg",
  "archive_url": ""}
