{
  "title":"Lecture 2 Part 1: Derivatives in Higher Dimensions: Jacobians and Matrix Functions",
  "description": null,
  "file": "/courses/18-s096-matrix-calculus-for-machine-learning-and-beyond-january-iap-2023/ocw_18s096_lecture02-part1_2023jan20_360p_16_9.mp4",
  "learning_resource_types": ["Lecture Videos"],
  "resource_type": "Video",
  "file_type": "video/mp4",
  "youtube_key":  "v8EIBpBEC6A",
  "captions_file": "/courses/18-s096-matrix-calculus-for-machine-learning-and-beyond-january-iap-2023/1Oqqwvuk1erjzkpYPF-Xvh94Jw2Xz1fQC_transcript.webvtt",
  "transcript_file": "/courses/18-s096-matrix-calculus-for-machine-learning-and-beyond-january-iap-2023/1Oqqwvuk1erjzkpYPF-Xvh94Jw2Xz1fQC_transcript.pdf",
  "thumbnail_file": "https://img.youtube.com/vi/v8EIBpBEC6A/default.jpg",
  "archive_url": ""}
