{
  "title":"Lecture 1 Part 1: Introduction and Motivation",
  "description": null,
  "file": "/courses/18-s096-matrix-calculus-for-machine-learning-and-beyond-january-iap-2023/ocw_18s096_lecture01_part1_2023jan18_360p_16_9.mp4",
  "learning_resource_types": ["Lecture Videos"],
  "resource_type": "Video",
  "file_type": "video/mp4",
  "youtube_key":  "0YqjeqLhDDE",
  "captions_file": "/courses/18-s096-matrix-calculus-for-machine-learning-and-beyond-january-iap-2023/1MUqxaVn3vCENDoyF7G9Dby6e1__MoKed_transcript.webvtt",
  "transcript_file": "/courses/18-s096-matrix-calculus-for-machine-learning-and-beyond-january-iap-2023/1MUqxaVn3vCENDoyF7G9Dby6e1__MoKed_transcript.pdf",
  "thumbnail_file": "https://img.youtube.com/vi/0YqjeqLhDDE/default.jpg",
  "archive_url": ""}
