<?xml version="1.0" encoding="utf-8" standalone="yes"?>
<rss version="2.0" xmlns:atom="http://www.w3.org/2005/Atom">
  <channel>
    <title>Lecture Notes on MIT OpenCourseWare</title>
    <link>/resources/lecture-notes/</link>
    <description>Recent content in Lecture Notes on MIT OpenCourseWare</description>
    <generator>Hugo</generator>
    <language>en-us</language>
    <atom:link href="/resources/lecture-notes/index.xml" rel="self" type="application/rss+xml" />
    <item>
      <title>Lecture 1 Part 1: Introduction</title>
      <link>/resources/mit18_s096iap23_lec1_pdf/data.json</link>
      <pubDate>Mon, 01 Jan 0001 00:00:00 +0000</pubDate>
      <guid>/resources/mit18_s096iap23_lec1_pdf/data.json</guid>
      <description></description>
    </item>
    <item>
      <title>Lecture 1, Part 1: Introduction to Matrix Calculus </title>
      <link>/resources/mit18_s096iap23_lec01_pdf/data.json</link>
      <pubDate>Mon, 01 Jan 0001 00:00:00 +0000</pubDate>
      <guid>/resources/mit18_s096iap23_lec01_pdf/data.json</guid>
      <description></description>
    </item>
    <item>
      <title>Lecture 1, Part 2: Derivatives as Linear Operators</title>
      <link>/resources/mit18_s096iap23_lec02_pdf/data.json</link>
      <pubDate>Mon, 01 Jan 0001 00:00:00 +0000</pubDate>
      <guid>/resources/mit18_s096iap23_lec02_pdf/data.json</guid>
      <description></description>
    </item>
    <item>
      <title>Lecture 2, Part 2: Jacobians of Matrix Functions</title>
      <link>/resources/mit18_s096iap23_lec03_pdf/data.json</link>
      <pubDate>Mon, 01 Jan 0001 00:00:00 +0000</pubDate>
      <guid>/resources/mit18_s096iap23_lec03_pdf/data.json</guid>
      <description></description>
    </item>
    <item>
      <title>Lecture 3, Part 2: Finite-Difference Approximations</title>
      <link>/resources/mit18_s096iap23_lec04_pdf/data.json</link>
      <pubDate>Mon, 01 Jan 0001 00:00:00 +0000</pubDate>
      <guid>/resources/mit18_s096iap23_lec04_pdf/data.json</guid>
      <description></description>
    </item>
    <item>
      <title>Lecture 4 Part 2: Nonlinear Root-Finding, Optimization, and Adjoint-Method Differentiation</title>
      <link>/resources/mit18_s096iap23_lec4_pdf/data.json</link>
      <pubDate>Mon, 01 Jan 0001 00:00:00 +0000</pubDate>
      <guid>/resources/mit18_s096iap23_lec4_pdf/data.json</guid>
      <description></description>
    </item>
    <item>
      <title>Lecture 4, Part 1: Derivatives in General Vector Spaces</title>
      <link>/resources/mit18_s096iap23_lec05_pdf/data.json</link>
      <pubDate>Mon, 01 Jan 0001 00:00:00 +0000</pubDate>
      <guid>/resources/mit18_s096iap23_lec05_pdf/data.json</guid>
      <description></description>
    </item>
    <item>
      <title>Lecture 4, Part 2: Nonlinear Root-Finding, Optimization, and Adjoint Differentiation</title>
      <link>/resources/mit18_s096iap23_lec06_pdf/data.json</link>
      <pubDate>Mon, 01 Jan 0001 00:00:00 +0000</pubDate>
      <guid>/resources/mit18_s096iap23_lec06_pdf/data.json</guid>
      <description></description>
    </item>
    <item>
      <title>Lecture 5, Part 1: Derivative of Matrix Determinant and Inverse</title>
      <link>/resources/mit18_s096iap23_lec07_pdf/data.json</link>
      <pubDate>Mon, 01 Jan 0001 00:00:00 +0000</pubDate>
      <guid>/resources/mit18_s096iap23_lec07_pdf/data.json</guid>
      <description></description>
    </item>
    <item>
      <title>Lecture 5, Part 3: Forward and Reverse-Mode Automatic Differentiation</title>
      <link>/resources/mit18_s096iap23_lec08_pdf/data.json</link>
      <pubDate>Mon, 01 Jan 0001 00:00:00 +0000</pubDate>
      <guid>/resources/mit18_s096iap23_lec08_pdf/data.json</guid>
      <description></description>
    </item>
    <item>
      <title>Lecture 6 Part 1: An Introduction to (Local) Sensitivity Analysis for (Ordinary) Differential Equations</title>
      <link>/resources/mit18_s096iap23_lec6_pdf/data.json</link>
      <pubDate>Mon, 01 Jan 0001 00:00:00 +0000</pubDate>
      <guid>/resources/mit18_s096iap23_lec6_pdf/data.json</guid>
      <description></description>
    </item>
    <item>
      <title>Lecture 6, Part 1a: Differentiating ODE solutions</title>
      <link>/resources/mit18_s096iap23_lec09_pdf/data.json</link>
      <pubDate>Mon, 01 Jan 0001 00:00:00 +0000</pubDate>
      <guid>/resources/mit18_s096iap23_lec09_pdf/data.json</guid>
      <description></description>
    </item>
    <item>
      <title>Lecture 6, Part 1b: Calculus of Variations</title>
      <link>/resources/mit18_s096iap23_lec10_pdf/data.json</link>
      <pubDate>Mon, 01 Jan 0001 00:00:00 +0000</pubDate>
      <guid>/resources/mit18_s096iap23_lec10_pdf/data.json</guid>
      <description></description>
    </item>
    <item>
      <title>Lecture 7 Part 1: Derivatives of Random Functions</title>
      <link>/resources/mit18_s096iap23_lec7_pdf/data.json</link>
      <pubDate>Mon, 01 Jan 0001 00:00:00 +0000</pubDate>
      <guid>/resources/mit18_s096iap23_lec7_pdf/data.json</guid>
      <description></description>
    </item>
    <item>
      <title>Lecture 7, Part 1: Derivatives of Random Functions</title>
      <link>/resources/mit18_s096iap23_lec11_pdf/data.json</link>
      <pubDate>Mon, 01 Jan 0001 00:00:00 +0000</pubDate>
      <guid>/resources/mit18_s096iap23_lec11_pdf/data.json</guid>
      <description></description>
    </item>
    <item>
      <title>Lecture 7, Part 2: Second Derivatives, Bilinear Maps, and Hessian Matrices</title>
      <link>/resources/mit18_s096iap23_lec12_pdf/data.json</link>
      <pubDate>Mon, 01 Jan 0001 00:00:00 +0000</pubDate>
      <guid>/resources/mit18_s096iap23_lec12_pdf/data.json</guid>
      <description></description>
    </item>
    <item>
      <title>Lecture 8, Part 1: Derivatives of Eigenproblems</title>
      <link>/resources/mit18_s096iap23_lec13_pdf/data.json</link>
      <pubDate>Mon, 01 Jan 0001 00:00:00 +0000</pubDate>
      <guid>/resources/mit18_s096iap23_lec13_pdf/data.json</guid>
      <description></description>
    </item>
    <item>
      <title>Lecture 8, Part 3: Where We Go From Here</title>
      <link>/resources/mit18_s096iap23_lec14_pdf/data.json</link>
      <pubDate>Mon, 01 Jan 0001 00:00:00 +0000</pubDate>
      <guid>/resources/mit18_s096iap23_lec14_pdf/data.json</guid>
      <description></description>
    </item>
  </channel>
</rss>
