<?xml version="1.0" encoding="utf-8" standalone="yes"?>
<rss version="2.0" xmlns:atom="http://www.w3.org/2005/Atom">
  <channel>
    <title>Lecture Videos on MIT OpenCourseWare</title>
    <link>/resources/lecture-videos/</link>
    <description>Recent content in Lecture Videos on MIT OpenCourseWare</description>
    <generator>Hugo</generator>
    <language>en-us</language>
    <atom:link href="/resources/lecture-videos/index.xml" rel="self" type="application/rss+xml" />
    <item>
      <title>Lecture 1 Part 1: Introduction and Motivation</title>
      <link>/resources/ocw_18s096_lecture01_part1_2023jan18_mp4/data.json</link>
      <pubDate>Mon, 01 Jan 0001 00:00:00 +0000</pubDate>
      <guid>/resources/ocw_18s096_lecture01_part1_2023jan18_mp4/data.json</guid>
      <description>&lt;p&gt;&lt;strong&gt;Description:&lt;/strong&gt; What is matrix calculus, and why do we need to go beyond single variable and multivariable calculus?&lt;/p&gt;&#xA;&lt;p&gt;&lt;strong&gt;Instructors:&lt;/strong&gt; Alan Edelman, Steven G. Johnson&lt;/p&gt;</description>
    </item>
    <item>
      <title>Lecture 1 Part 2: Derivatives as Linear Operators</title>
      <link>/resources/ocw_18s096_lecture01-part2_2023jan18_mp4/data.json</link>
      <pubDate>Mon, 01 Jan 0001 00:00:00 +0000</pubDate>
      <guid>/resources/ocw_18s096_lecture01-part2_2023jan18_mp4/data.json</guid>
      <description>&lt;p&gt;&lt;strong&gt;Description:&lt;/strong&gt; The key to generalizing derivatives is to realize that they are linear operators, relating small changes in a function&amp;rsquo;s input to small changes in the output.&lt;/p&gt;&#xA;&lt;p&gt;&lt;strong&gt;Instructors:&lt;/strong&gt; Alan Edelman, Steven G. Johnson&lt;/p&gt;</description>
    </item>
    <item>
      <title>Lecture 2 Part 1: Derivatives in Higher Dimensions: Jacobians and Matrix Functions</title>
      <link>/resources/ocw_18s096_lecture02-part1_2023jan20_mp4/data.json</link>
      <pubDate>Mon, 01 Jan 0001 00:00:00 +0000</pubDate>
      <guid>/resources/ocw_18s096_lecture02-part1_2023jan20_mp4/data.json</guid>
      <description>&lt;p&gt;&lt;strong&gt;Description:&lt;/strong&gt; Derivatives as linear operators give a fresh perspective on multivariable calculus, gradients, and Jacobian matrices; but we can now generalize to matrix functions.&lt;/p&gt;&#xA;&lt;p&gt;&lt;strong&gt;Instructors:&lt;/strong&gt; Alan Edelman, Steven G. Johnson&lt;/p&gt;</description>
    </item>
    <item>
      <title>Lecture 2 Part 2: Vectorization of Matrix Functions</title>
      <link>/resources/ocw_18s096_lecture02-part2_2023jan20_mp4/data.json</link>
      <pubDate>Mon, 01 Jan 0001 00:00:00 +0000</pubDate>
      <guid>/resources/ocw_18s096_lecture02-part2_2023jan20_mp4/data.json</guid>
      <description>&lt;p&gt;&lt;strong&gt;Description:&lt;/strong&gt; We can view matrix functions (matrix inputs/outputs) as “ordinary” multivariable calculus by “vectorizing” a matrix into a column vector.&lt;/p&gt;&#xA;&lt;p&gt;&lt;strong&gt;Instructors:&lt;/strong&gt; Alan Edelman, Steven G. Johnson&lt;/p&gt;</description>
    </item>
    <item>
      <title>Lecture 3 Part 1: Kronecker Products and Jacobians</title>
      <link>/resources/ocw_18s096_lecture03-part1_2023jan23_mp4/data.json</link>
      <pubDate>Mon, 01 Jan 0001 00:00:00 +0000</pubDate>
      <guid>/resources/ocw_18s096_lecture03-part1_2023jan23_mp4/data.json</guid>
      <description>&lt;p&gt;&lt;strong&gt;Description:&lt;/strong&gt; Matrix-function derivatives are linear operators on matrices, but they can often be turned into “ordinary” Jacobian matrices using Kronecker products.&lt;/p&gt;&#xA;&lt;p&gt;&lt;strong&gt;Instructors:&lt;/strong&gt; Alan Edelman, Steven G. Johnson&lt;/p&gt;</description>
    </item>
    <item>
      <title>Lecture 3 Part 2: Finite-Difference Approximations</title>
      <link>/resources/ocw_18s096_lecture03-part2_2023jan23_mp4/data.json</link>
      <pubDate>Mon, 01 Jan 0001 00:00:00 +0000</pubDate>
      <guid>/resources/ocw_18s096_lecture03-part2_2023jan23_mp4/data.json</guid>
      <description>&lt;p&gt;&lt;strong&gt;Description:&lt;/strong&gt; Finite difference approximations are useful tools, e.g. to check analytical derivatives, but lead to numerical analysis to understand truncation and roundoff errors.&lt;/p&gt;&#xA;&lt;p&gt;&lt;strong&gt;Instructors:&lt;/strong&gt; Alan Edelman, Steven G. Johnson&lt;/p&gt;</description>
    </item>
    <item>
      <title>Lecture 4 Part 1: Gradients and Inner Products in Other Vector Spaces</title>
      <link>/resources/ocw_18s096_lecture04-part1_2023jan26_mp4/data.json</link>
      <pubDate>Mon, 01 Jan 0001 00:00:00 +0000</pubDate>
      <guid>/resources/ocw_18s096_lecture04-part1_2023jan26_mp4/data.json</guid>
      <description>&lt;p&gt;&lt;strong&gt;Description:&lt;/strong&gt; We can generalize the concept of a “gradient” beyond column vectors, e.g. to “matrix gradients,” if we first generalize the concept of inner product.&lt;/p&gt;&#xA;&lt;p&gt;&lt;strong&gt;Instructors:&lt;/strong&gt; Alan Edelman, Steven G. Johnson&lt;/p&gt;</description>
    </item>
    <item>
      <title>Lecture 4 Part 2: Nonlinear Root Finding, Optimization, and Adjoint Gradient Methods</title>
      <link>/resources/ocw_18s096_lecture04-part2_2023jan26_mp4/data.json</link>
      <pubDate>Mon, 01 Jan 0001 00:00:00 +0000</pubDate>
      <guid>/resources/ocw_18s096_lecture04-part2_2023jan26_mp4/data.json</guid>
      <description>&lt;p&gt;&lt;strong&gt;Description:&lt;/strong&gt; Nonlinear root finding by Newton’s method and optimization by gradient descent. “Adjoint” methods (reverse-mode/backpropagation) let us find gradients efficiently for large-scale engineering optimization.&lt;/p&gt;&#xA;&lt;p&gt;&lt;strong&gt;Instructors:&lt;/strong&gt; Alan Edelman, Steven G. Johnson&lt;/p&gt;</description>
    </item>
    <item>
      <title>Lecture 5 Part 1: Derivative of Matrix Determinant and Inverse</title>
      <link>/resources/ocw_18s096_lecture05-part1-new_2023jan27_mp4/data.json</link>
      <pubDate>Mon, 01 Jan 0001 00:00:00 +0000</pubDate>
      <guid>/resources/ocw_18s096_lecture05-part1-new_2023jan27_mp4/data.json</guid>
      <description>&lt;p&gt;&lt;strong&gt;Description:&lt;/strong&gt; The first ~6 minutes are on the topic Norms and Derivatives: Why a norm of the input and output are needed to define a derivative.  Now we can find the “matrix gradient” of the determinant function (leading to the “adjugate” matrix), and the “Jacobian” of a matrix inverse.&lt;/p&gt;&#xA;&lt;p&gt;&lt;strong&gt;Instructors:&lt;/strong&gt; Alan Edelman, Steven G. Johnson&lt;/p&gt;</description>
    </item>
    <item>
      <title>Lecture 5 Part 2: Forward Automatic Differentiation via Dual Numbers</title>
      <link>/resources/ocw_18s096_lecture05-part2-new_2023jan27_mp4/data.json</link>
      <pubDate>Mon, 01 Jan 0001 00:00:00 +0000</pubDate>
      <guid>/resources/ocw_18s096_lecture05-part2-new_2023jan27_mp4/data.json</guid>
      <description>&lt;p&gt;&lt;strong&gt;Description:&lt;/strong&gt; One simple way to automatically differentiate (AD) computer programs (in “forward mode”) is to define a new kind of number that carries both value and derivative information: dual numbers. A few lines of Julia let us build an AD system!&lt;/p&gt;&#xA;&lt;p&gt;&lt;strong&gt;Instructors:&lt;/strong&gt; Alan Edelman, Steven G. Johnson&lt;/p&gt;</description>
    </item>
    <item>
      <title>Lecture 5 Part 3: Differentiation on Computational Graphs</title>
      <link>/resources/ocw_18s096_lecture05-part3-new_2023jan27_mp4/data.json</link>
      <pubDate>Mon, 01 Jan 0001 00:00:00 +0000</pubDate>
      <guid>/resources/ocw_18s096_lecture05-part3-new_2023jan27_mp4/data.json</guid>
      <description>&lt;p&gt;&lt;strong&gt;Description:&lt;/strong&gt; A very general way to think about the chain rule is to view computations as flowing through &amp;ldquo;graphs&amp;rdquo; consisting of nodes (intermediate values) connected by edges (functions acting on those values). When we propagate derivatives through the graph from inputs to outputs, we get the structure of forward-mode automatic differentiation; going from outputs to inputs yields reverse mode, which we will return to in lecture 8.&lt;/p&gt;&#xA;&lt;p&gt;&lt;strong&gt;Instructors:&lt;/strong&gt; Alan Edelman, Steven G. Johnson&lt;/p&gt;</description>
    </item>
    <item>
      <title>Lecture 6 Part 1: Adjoint Differentiation of ODE Solutions</title>
      <link>/resources/ocw_18s096_lecture06-part1_2023jan30_mp4/data.json</link>
      <pubDate>Mon, 01 Jan 0001 00:00:00 +0000</pubDate>
      <guid>/resources/ocw_18s096_lecture06-part1_2023jan30_mp4/data.json</guid>
      <description>&lt;p&gt;&lt;strong&gt;Description:&lt;/strong&gt; Many systems are modeled by ordinary differential equations (ODEs), and often you want the derivative of the ODE solution with respect to parameters of the equations. An efficient way to do this is often to solve a second “adjoint” ODE.&lt;/p&gt;&#xA;&lt;p&gt;&lt;strong&gt;Instructors:&lt;/strong&gt; Alan Edelman, Steven G. Johnson&lt;/p&gt;</description>
    </item>
    <item>
      <title>Lecture 6 Part 2: Calculus of Variations and Gradients of Functionals</title>
      <link>/resources/ocw_18s096_lecture06-part2_2023jan30_mp4/data.json</link>
      <pubDate>Mon, 01 Jan 0001 00:00:00 +0000</pubDate>
      <guid>/resources/ocw_18s096_lecture06-part2_2023jan30_mp4/data.json</guid>
      <description>&lt;p&gt;&lt;strong&gt;Description:&lt;/strong&gt; A “functional” F[u] takes a function u(x) and returns a number (e.g. by integrating), and since functions are perfectly good normed vector spaces we can define derivatives F′ with respect to functions u! This is called “calculus of variations.”&lt;/p&gt;&#xA;&lt;p&gt;&lt;strong&gt;Instructors:&lt;/strong&gt; Alan Edelman, Steven G. Johnson&lt;/p&gt;</description>
    </item>
    <item>
      <title>Lecture 7 Part 1: Derivatives of Random Functions</title>
      <link>/resources/ocw_18s096_lecture07-part1_2023feb01_mp4/data.json</link>
      <pubDate>Mon, 01 Jan 0001 00:00:00 +0000</pubDate>
      <guid>/resources/ocw_18s096_lecture07-part1_2023feb01_mp4/data.json</guid>
      <description>&lt;p&gt;&lt;strong&gt;Description:&lt;/strong&gt; Even if a function f is stochastic (has random numbers in it), we can still define a derivative “on average” (whose expectation value is the derivative of the expectation value of f), for example, for stochastic gradient descent in machine learning.&lt;/p&gt;&#xA;&lt;p&gt;&lt;strong&gt;Instructors:&lt;/strong&gt; Alan Edelman, Steven G. Johnson&lt;/p&gt;</description>
    </item>
    <item>
      <title>Lecture 7 Part 2: Second Derivatives, Bilinear Forms, and Hessian Matrices</title>
      <link>/resources/ocw_18s096_lecture07-part2_2023feb01_mp4/data.json</link>
      <pubDate>Mon, 01 Jan 0001 00:00:00 +0000</pubDate>
      <guid>/resources/ocw_18s096_lecture07-part2_2023feb01_mp4/data.json</guid>
      <description>&lt;p&gt;&lt;strong&gt;Description:&lt;/strong&gt; First derivatives are linear operators, so second derivatives are bilinear forms, sometimes called “Hessians” (especially for scalar-valued functions of column vectors, where the Hessian is simply a symmetric matrix).&lt;/p&gt;&#xA;&lt;p&gt;&lt;strong&gt;Instructors:&lt;/strong&gt; Alan Edelman, Steven G. Johnson&lt;/p&gt;</description>
    </item>
    <item>
      <title>Lecture 8 Part 1: Derivatives of Eigenproblems</title>
      <link>/resources/ocw_18s096_lecture08-part1_2023feb03_mp4/data.json</link>
      <pubDate>Mon, 01 Jan 0001 00:00:00 +0000</pubDate>
      <guid>/resources/ocw_18s096_lecture08-part1_2023feb03_mp4/data.json</guid>
      <description>&lt;p&gt;&lt;strong&gt;Description:&lt;/strong&gt; To differentiate eigenvectors and eigenvalues, we first consider derivatives with constraints, such as derivatives on a circle or derivatives involving unitary matrices.&lt;/p&gt;&#xA;&lt;p&gt;&lt;strong&gt;Instructors:&lt;/strong&gt; Alan Edelman, Steven G. Johnson&lt;/p&gt;</description>
    </item>
    <item>
      <title>Lecture 8 Part 2: Automatic Differentiation on Computational Graphs</title>
      <link>/resources/ocw_18s096_lecture08-part2_2023feb03_mp4/data.json</link>
      <pubDate>Mon, 01 Jan 0001 00:00:00 +0000</pubDate>
      <guid>/resources/ocw_18s096_lecture08-part2_2023feb03_mp4/data.json</guid>
      <description>&lt;p&gt;&lt;strong&gt;Description:&lt;/strong&gt; Complicated computational processes can be expressed as “graphs” of computational steps that flow from inputs to outputs. Forward- and reverse-mode automatic differentiation (AD) traverse in opposite directions, giving very different algorithms.&lt;/p&gt;&#xA;&lt;p&gt;&lt;strong&gt;Instructors:&lt;/strong&gt; Alan Edelman, Steven G. Johnson&lt;/p&gt;</description>
    </item>
  </channel>
</rss>
