{
  "title":"Lecture 2 Part 2: Vectorization of Matrix Functions",
  "description": null,
  "file": "/courses/18-s096-matrix-calculus-for-machine-learning-and-beyond-january-iap-2023/ocw_18s096_lecture02-part2_2023jan20_360p_16_9.mp4",
  "learning_resource_types": ["Lecture Videos"],
  "resource_type": "Video",
  "file_type": "video/mp4",
  "youtube_key":  "DH118YqIgow",
  "captions_file": "/courses/18-s096-matrix-calculus-for-machine-learning-and-beyond-january-iap-2023/1MaSD7wRIORqNUBKpMSHiFc05ZoQJdz0d_transcript.webvtt",
  "transcript_file": "/courses/18-s096-matrix-calculus-for-machine-learning-and-beyond-january-iap-2023/1MaSD7wRIORqNUBKpMSHiFc05ZoQJdz0d_transcript.pdf",
  "thumbnail_file": "https://img.youtube.com/vi/DH118YqIgow/default.jpg",
  "archive_url": ""}
