{
  "title":"Lecture 6 Part 2: Calculus of Variations and Gradients of Functionals",
  "description": null,
  "file": "/courses/18-s096-matrix-calculus-for-machine-learning-and-beyond-january-iap-2023/ocw_18s096_lecture06-part2_2023jan30_360p_16_9.mp4",
  "learning_resource_types": ["Lecture Videos"],
  "resource_type": "Video",
  "file_type": "video/mp4",
  "youtube_key":  "tTUT7YuSMoc",
  "captions_file": "/courses/18-s096-matrix-calculus-for-machine-learning-and-beyond-january-iap-2023/1N_XGswpraIiuxsUUuS3yx1Pt82iTV0Nm_transcript.webvtt",
  "transcript_file": "/courses/18-s096-matrix-calculus-for-machine-learning-and-beyond-january-iap-2023/1N_XGswpraIiuxsUUuS3yx1Pt82iTV0Nm_transcript.pdf",
  "thumbnail_file": "https://img.youtube.com/vi/tTUT7YuSMoc/default.jpg",
  "archive_url": ""}
