{
  "title":"Lecture 7 Part 2: Second Derivatives, Bilinear Forms, and Hessian Matrices",
  "description": null,
  "file": "/courses/18-s096-matrix-calculus-for-machine-learning-and-beyond-january-iap-2023/ocw_18s096_lecture07-part2_2023feb01_360p_16_9.mp4",
  "learning_resource_types": ["Lecture Videos"],
  "resource_type": "Video",
  "file_type": "video/mp4",
  "youtube_key":  "PkpRIStmfrE",
  "captions_file": "/courses/18-s096-matrix-calculus-for-machine-learning-and-beyond-january-iap-2023/19fn4Quy6Akz0fP5-RDIHQp0dqMAl8mrH_transcript.webvtt",
  "transcript_file": "/courses/18-s096-matrix-calculus-for-machine-learning-and-beyond-january-iap-2023/19fn4Quy6Akz0fP5-RDIHQp0dqMAl8mrH_transcript.pdf",
  "thumbnail_file": "https://img.youtube.com/vi/PkpRIStmfrE/default.jpg",
  "archive_url": ""}
