{
  "title":"Lecture 8 Part 1: Derivatives of Eigenproblems",
  "description": null,
  "file": "/courses/18-s096-matrix-calculus-for-machine-learning-and-beyond-january-iap-2023/ocw_18s096_lecture08-part1_2023feb03_360p_16_9.mp4",
  "learning_resource_types": ["Lecture Videos"],
  "resource_type": "Video",
  "file_type": "video/mp4",
  "youtube_key":  "v6w8hVZPt0o",
  "captions_file": "/courses/18-s096-matrix-calculus-for-machine-learning-and-beyond-january-iap-2023/18LJMhScijuU1N2nd5TsidHiGolkmnHpA_transcript.webvtt",
  "transcript_file": "/courses/18-s096-matrix-calculus-for-machine-learning-and-beyond-january-iap-2023/18LJMhScijuU1N2nd5TsidHiGolkmnHpA_transcript.pdf",
  "thumbnail_file": "https://img.youtube.com/vi/v6w8hVZPt0o/default.jpg",
  "archive_url": ""}
