{
  "title":"Lecture 8 Part 2: Automatic Differentiation on Computational Graphs",
  "description": null,
  "file": "/courses/18-s096-matrix-calculus-for-machine-learning-and-beyond-january-iap-2023/ocw_18s096_lecture08-part2_2023feb03_360p_16_9.mp4",
  "learning_resource_types": ["Lecture Videos"],
  "resource_type": "Video",
  "file_type": "video/mp4",
  "youtube_key":  "43kl6wi1H6k",
  "captions_file": "/courses/18-s096-matrix-calculus-for-machine-learning-and-beyond-january-iap-2023/1BCmBU7TvgZ_F7ShXozkGA0p2m7MKzpyW_transcript.webvtt",
  "transcript_file": "/courses/18-s096-matrix-calculus-for-machine-learning-and-beyond-january-iap-2023/1BCmBU7TvgZ_F7ShXozkGA0p2m7MKzpyW_transcript.pdf",
  "thumbnail_file": "https://img.youtube.com/vi/43kl6wi1H6k/default.jpg",
  "archive_url": ""}
