{
  "title":"Lecture 4 Part 2: Nonlinear Root Finding, Optimization, and Adjoint Gradient Methods",
  "description": null,
  "file": "/courses/18-s096-matrix-calculus-for-machine-learning-and-beyond-january-iap-2023/ocw_18s096_lecture04-part2_2023jan26_360p_16_9.mp4",
  "learning_resource_types": ["Lecture Videos"],
  "resource_type": "Video",
  "file_type": "video/mp4",
  "youtube_key":  "lBfqvBJaFmc",
  "captions_file": "/courses/18-s096-matrix-calculus-for-machine-learning-and-beyond-january-iap-2023/1A065H99Yhsv0hU1C-wFftrck9xfhs31f_transcript.webvtt",
  "transcript_file": "/courses/18-s096-matrix-calculus-for-machine-learning-and-beyond-january-iap-2023/1A065H99Yhsv0hU1C-wFftrck9xfhs31f_transcript.pdf",
  "thumbnail_file": "https://img.youtube.com/vi/lBfqvBJaFmc/default.jpg",
  "archive_url": ""}
