page,ink_ratio,edge_density,symmetry_score,tile_var_mean,tile_var_std,empty_fraction,max_empty,margin_activity,loop_intensity,cluster_intensity,mirror_intensity,gap_intensity,margin_break_intensity
1,0.5992699115044248,0.24998893805309735,0.1323438435792923,0.26533618569374084,0.040049564093351364,0.0,0.0,0.7829166666666667,0.6150990501779371,0.22249757829639646,0.5661719217896461,0.0,1.0
2,0.5969384367292734,0.25,0.10653496533632278,0.24687997996807098,0.05380059778690338,0.025510204081632654,0.0049800796812749,0.9750332005312085,0.5818839639425277,0.298892209927241,0.5532674826681614,0.02909281242377429,1.0
3,0.5999715424018213,0.24999288560045532,0.08115038275718689,0.2252391129732132,0.05024803429841995,0.030612244897959183,0.0049800796812749,0.9065073041168659,0.5429264904320342,0.27915574610233307,0.5405751913785934,0.032919343036019184,1.0
4,0.5998411117435022,0.24994071333712767,0.11137335002422333,0.2070402354001999,0.05518345162272453,0.025510204081632654,0.0049800796812749,0.997742363877822,0.5101398160557801,0.3065747312373585,0.5556866750121117,0.02909281242377429,1.0
5,0.5999629795307656,0.24998071850560705,0.06382592767477036,0.22077162563800812,0.07021909952163696,0.030612244897959183,0.004982338151136066,0.9654712507409603,0.5348783213264985,0.3901061084535387,0.5319129638373852,0.032923859975741515,1.0
6,0.599513849364447,0.24951622083096187,0.0945911556482315,0.21282939612865448,0.051209188997745514,0.015306122448979591,0.004897078353253652,0.9664010624169986,0.5203268344886071,0.2844954944319195,0.5472955778241158,0.021273748543241995,1.0
7,0.5969289508632138,0.24994071333712767,0.053214456886053085,0.2314605861902237,0.06450555473566055,0.02040816326530612,0.004897078353253652,0.9730411686586985,0.5540964474778229,0.35836419297589195,0.5266072284430265,0.025100279155486897,1.0
8,0.5998885410738001,0.24998814266742553,0.11520574241876602,0.23894937336444855,0.05344698950648308,0.04081632653061224,0.0049800796812749,0.997742363877822,0.5676023505230914,0.29692771948046154,0.557602871209383,0.04057240426050898,1.0
9,0.5996513944223107,0.25,0.07874230295419693,0.24412603676319122,0.07204792648553848,0.015306122448979591,0.004897078353253652,0.8957503320053121,0.5769268661737442,0.40026625825299156,0.5393711514770985,0.021273748543241995,1.0
10,0.5969479225953329,0.24999288560045532,0.08318265527486801,0.2321784943342209,0.06989496201276779,0.01020408163265306,0.0049800796812749,0.9831341301460823,0.555417376881848,0.3883053445153766,0.541591327637434,0.017613220587039596,1.0
11,0.5999407133371277,0.2499027698728894,0.1141011193394661,0.17919938266277313,0.04344604164361954,0.015306122448979591,0.0049800796812749,0.9945551128818061,0.46000541222308083,0.24136689802010855,0.557050559669733,0.02143975119928449,1.0
12,0.5999976285334852,0.24999288560045532,0.16182927787303925,0.21448767185211182,0.03949343040585518,0.015306122448979591,0.0049800796812749,0.9917662682602921,0.5235738964140517,0.21940794669919544,0.5809146389365196,0.02143975119928449,1.0
13,0.5999928856004553,0.24999762853348512,0.2351006120443344,0.185132697224617,0.0407736599445343,0.025510204081632654,0.0049800796812749,0.9382470119521913,0.47073755069772744,0.22652033302519056,0.6175503060221672,0.02909281242377429,1.0
14,0.599689337886549,0.24994545627015746,0.06273627281188965,0.19338886439800262,0.044060274958610535,0.030612244897959183,0.0049800796812749,0.9718459495351925,0.4855699568649914,0.2447793053256141,0.5313681364059448,0.032919343036019184,1.0
15,0.5999667994687915,0.24998814266742553,0.11781124770641327,0.2373514622449875,0.05825819820165634,0.04081632653061224,0.0049800796812749,0.9229747675962815,0.5647261105080615,0.32365665667586857,0.5589056238532066,0.04057240426050898,1.0
16,0.6,0.24997865680136597,0.18582499027252197,0.2476108819246292,0.0656372457742691,0.030612244897959183,0.0049800796812749,0.997078353253652,0.5831878487050839,0.3646513654126061,0.592912495136261,0.032919343036019184,1.0
17,0.5982190286473155,0.24998814266742553,0.17105062305927277,0.23618920147418976,0.030899686738848686,0.015306122448979591,0.0049800796812749,0.9847277556440903,0.5626340411206256,0.17166492632693714,0.5855253115296364,0.02143975119928449,1.0
18,0.5993952760387024,0.2498363688104724,0.13658177852630615,0.17328166961669922,0.026600275188684464,0.0,0.0,0.9733067729083665,0.44931700815581843,0.1477793066038026,0.5682908892631531,0.0,1.0
19,0.5899260102447353,0.24775184974388162,0.2555660307407379,0.16820073127746582,0.045013852417469025,0.025510204081632654,0.0049800796812749,0.99800796812749,0.43902483365857337,0.2500769578748279,0.627783015370369,0.02909281242377429,1.0
20,0.594424682223487,0.24999288560045532,0.19291092455387115,0.16218943893909454,0.059687890112400055,0.03571428571428571,0.004897078353253652,0.9832669322709163,0.42943707717062063,0.3315993895133337,0.5964554622769356,0.03657987099222159,1.0
21,0.588628818061089,0.25,0.13699789345264435,0.1590319126844406,0.039948418736457825,0.02040816326530612,0.0049800796812749,0.9873837981407703,0.4237574428319931,0.22193565964698792,0.5684989467263222,0.025266281811529394,1.0
22,0.5800820527414153,0.2471305255169797,0.2534995377063751,0.16101734340190887,0.028000405058264732,0.03571428571428571,0.0049800796812749,0.997875166002656,0.42575300715777487,0.15555780587924853,0.6267497688531876,0.03674587364826409,1.0
23,0.5904145323468033,0.2488142667425536,2.806158227031119e-05,0.1821051836013794,0.038442935794591904,0.025510204081632654,0.0049800796812749,0.9907038512616202,0.46463717719088743,0.21357186552551058,0.5000140307911352,0.02909281242377429,1.0
24,0.5996063365585278,0.24999762853348512,0.01874973066151142,0.17072217166423798,0.04215503856539726,0.025510204081632654,0.0049800796812749,0.9567065073041169,0.4447986046890452,0.23419465869665146,0.5093748653307557,0.02909281242377429,1.0
25,0.599822140011383,0.2474293302978562,0.14950554072856903,0.16852934658527374,0.04685800150036812,0.030612244897959183,0.0049800796812749,0.9885790172642762,0.4394389555173137,0.2603222305576007,0.5747527703642845,0.032919343036019184,1.0
26,0.5998553405425915,0.24998102826788085,0.11772039532661438,0.19712716341018677,0.03896024078130722,0.025510204081632654,0.0049800796812749,0.9183333333333333,0.4923184596856707,0.21644578211837345,0.5588601976633072,0.02909281242377429,1.0
27,0.5981455131853538,0.24915338645418328,0.11873582750558853,0.17195481061935425,0.027252746745944023,0.01020408163265306,0.004897078353253652,0.9731739707835325,0.4465530216646385,0.15140414858857792,0.5593679137527943,0.0174472179309971,1.0
28,0.5966182887497629,0.24973439575033202,0.13429729640483856,0.18772654235363007,0.03441783785820007,0.025510204081632654,0.0049800796812749,0.9119521912350598,0.47526169389921674,0.19121021032333374,0.5671486482024193,0.02909281242377429,1.0
29,0.5992767027129577,0.2485154619616771,0.2525453269481659,0.1529112309217453,0.04433664306998253,0.030612244897959183,0.004897078353253652,0.9806108897742364,0.41192371973806396,0.24631468372212517,0.626272663474083,0.03275334037997669,1.0
30,0.5999193701384936,0.24999762853348512,0.030999980866909027,0.17007966339588165,0.03581995144486427,0.030612244897959183,0.0049800796812749,0.9691899070385126,0.44364208980600384,0.19899973024924597,0.5154999904334545,0.032919343036019184,1.0
31,0.5997747106810852,0.24999051413394044,0.1393539309501648,0.17878760397434235,0.03386210277676582,0.025510204081632654,0.0049800796812749,0.99800796812749,0.45931246992748354,0.18812279320425457,0.5696769654750824,0.02909281242377429,1.0
32,0.5990656421931322,0.24919132991842155,0.11216896027326584,0.1755705624818802,0.03891649842262268,0.0,0.0,0.9956175298804781,0.4530822439225162,0.21620276901457045,0.5560844801366329,0.0,1.0
33,0.5999928856004553,0.24998102826788085,0.14387252926826477,0.1740291714668274,0.03510737791657448,0.0,0.0,0.9918990703851261,0.4507420741876238,0.19504098842541379,0.5719362646341324,0.0,1.0
34,0.5986838360842345,0.24807674065642193,0.2488461136817932,0.17163532972335815,0.04110703617334366,0.02040816326530612,0.0049800796812749,0.99800796812749,0.4453858008630768,0.22837242318524256,0.6244230568408966,0.025266281811529394,1.0
35,0.5947875166002656,0.248849838740277,0.20394447445869446,0.1882771998643875,0.02240622043609619,0.015306122448979591,0.004897078353253652,0.9937583001328021,0.47576637106304986,0.12447900242275663,0.6019722372293472,0.021273748543241995,1.0
36,0.5999952570669702,0.24987194080819577,0.10663625597953796,0.16300688683986664,0.03150537982583046,0.030612244897959183,0.004897078353253652,0.9930942895086321,0.43084196375626765,0.17502988792128032,0.553318127989769,0.03275334037997669,1.0
37,0.5993834187061279,0.24757873268829445,0.26531437039375305,0.1540578454732895,0.035142991691827774,0.01020408163265306,0.0049800796812749,0.9867197875166003,0.4134724248304831,0.19523884273237652,0.6326571851968765,0.017613220587039596,1.0
38,0.5993691899070385,0.24999762853348512,0.09038153290748596,0.19427692890167236,0.03895776718854904,0.015306122448979591,0.0049800796812749,0.9962815405046481,0.48719716771642707,0.21643203993638357,0.545190766453743,0.02143975119928449,1.0
39,0.5973202428381711,0.24997865680136597,0.16273003816604614,0.19008660316467285,0.06222165375947952,0.04081632653061224,0.004897078353253652,0.9752988047808765,0.4796441469371624,0.34567585421933067,0.5813650190830231,0.040406401604466485,1.0
40,0.5996419085562512,0.24933361790931513,0.0805182158946991,0.1928756684064865,0.038341715931892395,0.015306122448979591,0.004897078353253652,0.9779548472775564,0.48430969298179904,0.21300953295495775,0.5402591079473495,0.021273748543241995,1.0
41,0.5999430848036426,0.24996205653576173,0.004840537905693054,0.16664789617061615,0.03981074318289757,0.030612244897959183,0.0049800796812749,0.997742363877822,0.43744534420177805,0.22117079546054205,0.5024202689528465,0.032919343036019184,1.0
42,0.5994782773667235,0.24991462720546387,0.14674915373325348,0.19587157666683197,0.04629362002015114,0.04591836734693878,0.0049800796812749,0.99800796812749,0.4900218829633027,0.25718677788972855,0.5733745768666267,0.044398934872753884,1.0
43,0.599976285334851,0.24994308480364258,0.1857348382472992,0.1867973357439041,0.034935079514980316,0.01020408163265306,0.004814077025232404,0.9043824701195219,0.4737039009810309,0.194083775083224,0.5928674191236496,0.017281215274954603,1.0
44,0.5997960538797192,0.2476617340163157,0.23001350462436676,0.17563486099243164,0.032131265848875046,0.015306122448979591,0.0049800796812749,0.9859229747675963,0.4523567034953506,0.17850703249375027,0.6150067523121834,0.02143975119928449,1.0
45,0.5976048188199583,0.24999762853348512,0.27069634199142456,0.17717857658863068,0.027604857459664345,0.015306122448979591,0.0049800796812749,0.9897742363877822,0.4564201335529521,0.15336031922035748,0.6353481709957123,0.02143975119928449,1.0
46,0.6,0.24998814266742553,0.27470070123672485,0.1888187676668167,0.045190826058387756,0.015306122448979591,0.0049800796812749,0.99734395750332,0.47736726026735415,0.2510601447688209,0.6373503506183624,0.02143975119928449,1.0
47,0.5998837981407702,0.24991462720546387,0.23441354930400848,0.1960793286561966,0.028710169717669487,0.02040816326530612,0.004897078353253652,0.9545816733067729,0.490395836544159,0.1595009428759416,0.6172067746520042,0.025100279155486897,1.0
48,0.599248245114779,0.24995731360273193,0.270402193069458,0.18240828812122345,0.031128697097301483,0.00510204081632653,0.004897078353253652,0.947011952191235,0.46581144109970485,0.17293720609611934,0.635201096534729,0.013620687318752201,1.0
49,0.599203187250996,0.24958499335989376,0.24595198035240173,0.18395300209522247,0.03424376994371414,0.03571428571428571,0.004897078353253652,0.9464285714285714,0.46838715011934207,0.19024316635396746,0.6229759901762009,0.03657987099222159,1.0
50,0.5996347941567065,0.2499715424018213,0.2393699437379837,0.1810905933380127,0.03632919117808342,0.03571428571428571,0.004897078353253652,0.950066401062417,0.46344741632942454,0.20182883987824124,0.6196849718689919,0.03657987099222159,1.0
51,0.5999075128059191,0.2499952570669702,0.2507607936859131,0.18008096516132355,0.0289620254188776,0.030612244897959183,0.004897078353253652,0.9603174603174603,0.461643128677216,0.16090014121598667,0.6253803968429565,0.03275334037997669,1.0
52,0.5999928856004553,0.24962767975716182,0.2324461042881012,0.18511533737182617,0.027736812829971313,0.01020408163265306,0.004897078353253652,0.9644090305444887,0.4705028311357261,0.15409340461095175,0.6162230521440506,0.0174472179309971,1.0
53,0.5968103775374691,0.24999051413394044,0.11918389797210693,0.17213304340839386,0.044997502118349075,0.02040816326530612,0.0049800796812749,0.9888446215139443,0.44733426090877626,0.24998612287971708,0.5595919489860535,0.025266281811529394,1.0
54,0.5994308480364258,0.2482806867767027,0.09595061838626862,0.18091660737991333,0.04896923527121544,0.0,0.0,0.9796812749003984,0.46220427101103057,0.272051307062308,0.5479753091931343,0.0,1.0
55,0.599312274710681,0.24999762853348512,0.15357044339179993,0.2012953758239746,0.05747197940945625,0.02040816326530612,0.0049800796812749,0.9930942895086321,0.4998303721765711,0.3192887744969792,0.5767852216959,0.025266281811529394,1.0
56,0.5960088218554354,0.24997865680136597,0.23082280158996582,0.17485888302326202,0.0330294631421566,0.0,0.0,0.9953519256308101,0.4522342506826229,0.18349701745642558,0.6154114007949829,0.0,1.0
57,0.5999667994687915,0.25,0.13435961306095123,0.18551623821258545,0.04824567213654518,0.025510204081632654,0.0049800796812749,0.9114209827357238,0.4714292287826538,0.2680315118696955,0.5671798065304756,0.02909281242377429,1.0
58,0.5996300512236767,0.24997865680136597,0.18412968516349792,0.2059585601091385,0.05136505141854286,0.015306122448979591,0.0049800796812749,0.9833997343957503,0.5082136694372006,0.2853613967696826,0.592064842581749,0.02143975119928449,1.0
59,0.5980577689243027,0.24953519256308102,0.23682722449302673,0.18104887008666992,0.03879856690764427,0.01020408163265306,0.0049800796812749,0.99800796812749,0.46313232206570043,0.21554759393135708,0.6184136122465134,0.017613220587039596,1.0
60,0.5999928856004553,0.2483779169038133,0.1733262985944748,0.1937541365623474,0.032842256128787994,0.030612244897959183,0.0049800796812749,0.9958730158730159,0.48536530010932266,0.18245697849326664,0.5866631492972374,0.032919343036019184,1.0
61,0.5986672358186302,0.24797951052931133,0.23920094966888428,0.19736003875732422,0.03379309922456741,0.030612244897959183,0.0049800796812749,0.9898412698412699,0.49163680055430486,0.18773944013648564,0.6196004748344421,0.032919343036019184,1.0
62,0.5981312843862645,0.24873837981407704,0.1770709753036499,0.21287548542022705,0.04905794933438301,0.015306122448979591,0.0049800796812749,0.9900398406374502,0.5199819826541511,0.2725441629687945,0.588535487651825,0.02143975119928449,1.0
63,0.5999810282678809,0.24994545627015746,0.1110369935631752,0.22944213449954987,0.05709340050816536,0.015306122448979591,0.0049800796812749,0.9949535192563081,0.5504658430477763,0.31718555837869644,0.5555184967815876,0.02143975119928449,1.0
64,0.5982356289129197,0.24919370138493643,0.13040682673454285,0.23413722217082977,0.04717594012618065,0.015306122448979591,0.0049800796812749,0.9930942895086321,0.5585035356692087,0.2620885562565592,0.5652034133672714,0.02143975119928449,1.0
65,0.5978609372035667,0.25,0.17324700951576233,0.25805577635765076,0.07115926593542099,0.0,0.0,0.9474103585657371,0.6020003974437713,0.3953292551967833,0.5866235047578812,0.0,1.0
66,0.5999407133371277,0.25,0.16560916602611542,0.2557840645313263,0.06154876574873924,0.0,0.0,0.9848605577689243,0.5979113161563874,0.3419375874929958,0.5828045830130577,0.0,1.0
67,0.5990324416619237,0.24999762853348512,0.1686994582414627,0.25941988825798035,0.07208077609539032,0.02040816326530612,0.0049800796812749,0.9654714475431607,0.6044544945577814,0.4004487560855018,0.5843497291207314,0.025266281811529394,1.0
68,0.5997154240182129,0.24995257066970214,0.1643042266368866,0.23675334453582764,0.06435149163007736,0.030612244897959183,0.0049800796812749,0.9543160690571049,0.5636299340328259,0.3575082868337631,0.5821521133184433,0.032919343036019184,1.0
69,0.5999075128059191,0.24999762853348512,0.11173916608095169,0.2554338276386261,0.06840953230857849,0.0,0.0,0.950730411686587,0.5972795854429438,0.38005295726988053,0.5558695830404758,0.0,1.0
70,0.5987526086131664,0.24958025042686396,0.11172496527433395,0.258428692817688,0.06701016426086426,0.015306122448979591,0.0049800796812749,0.952191235059761,0.6024407848066136,0.37227869033813477,0.555862482637167,0.02143975119928449,1.0
71,0.5994853917662682,0.24998339973439576,0.13138701021671295,0.2408437728881836,0.07087628543376923,0.030612244897959183,0.0049800796812749,0.950066401062417,0.5710096610526482,0.3937571412987179,0.5656935051083565,0.032919343036019184,1.0
72,0.5941306203756404,0.24998102826788085,0.19385990500450134,0.26468729972839355,0.07326570153236389,0.015306122448979591,0.0049800796812749,0.9529880478087649,0.6139267050584429,0.40703167517979943,0.5969299525022507,0.02143975119928449,1.0
73,0.5999478277366723,0.24999051413394044,0.2367415577173233,0.23455291986465454,0.0607733353972435,0.025510204081632654,0.0049800796812749,0.9539176626826029,0.5596900385300454,0.33762964109579724,0.6183707788586617,0.02909281242377429,1.0
74,0.5987620944792259,0.24990988427243407,0.12807388603687286,0.2279166728258133,0.07392580807209015,0.015306122448979591,0.0049800796812749,0.950332005312085,0.5477004474363026,0.41069893373383415,0.5640369430184364,0.02143975119928449,1.0
75,0.5985937203566686,0.24921504458357047,0.19720835983753204,0.2092762440443039,0.06691809743642807,0.01020408163265306,0.0049800796812749,0.9637450199203187,0.5137655138007108,0.37176720798015594,0.598604179918766,0.017613220587039596,1.0
76,0.5980625118573326,0.2498031682792639,0.2160998284816742,0.21310587227344513,0.0627536028623581,0.01020408163265306,0.0049800796812749,0.9377158034528552,0.5209823126457964,0.3486311270131005,0.6080499142408371,0.017613220587039596,1.0
77,0.5996988237526086,0.2499952570669702,0.11272566020488739,0.2351164072751999,0.05824999138712883,0.030612244897959183,0.0049800796812749,0.948339973439575,0.5607069244821934,0.32361106326182687,0.5563628301024437,0.032919343036019184,1.0
78,0.599867197875166,0.24986008347562133,0.15643054246902466,0.22200818359851837,0.07388348877429962,0.02040816326530612,0.0049800796812749,0.9181746031746032,0.5370377763889248,0.4104638265238868,0.5782152712345123,0.025266281811529394,1.0
79,0.5995683930942896,0.2491462720546386,0.2297392636537552,0.21235062181949615,0.06906915456056595,0.025510204081632654,0.0049800796812749,0.9600265604249668,0.5192615689051443,0.3837175253364775,0.6148696318268776,0.02909281242377429,1.0
80,0.5992435021817492,0.2499644280022766,0.1375797539949417,0.20671270787715912,0.0654231458902359,0.00510204081632653,0.0049800796812749,0.9937583001328021,0.5095633095801386,0.3634619216124217,0.5687898769974709,0.013786689974794698,1.0
81,0.5999881426674255,0.24998339973439576,0.053071651607751846,0.2741578221321106,0.06713233888149261,0.00510204081632653,0.0049800796812749,0.9318725099601594,0.6309749496917167,0.3729574382305145,0.5265358258038759,0.013786689974794698,1.0
82,0.5997059381521533,0.2499715424018213,0.06976333260536194,0.25193843245506287,0.06432732194662094,0.030612244897959183,0.0049800796812749,0.9664010624169986,0.5909735267401149,0.35737401081456077,0.534881666302681,0.032919343036019184,1.0
83,0.5984585467653196,0.2495067349649023,0.13917754590511322,0.23634113371372223,0.05762982368469238,0.015306122448979591,0.0049800796812749,0.9958831341301461,0.5626427449153963,0.3201656871371799,0.5695887729525566,0.02143975119928449,1.0
84,0.5998600834756214,0.25,0.12813661992549896,0.23429127037525177,0.061598148196935654,0.00510204081632653,0.0049800796812749,0.9974767596281541,0.5592242866754532,0.3422119344274203,0.5640683099627495,0.013786689974794698,1.0
85,0.5999501992031873,0.24984111174350218,0.10245552659034729,0.21983452141284943,0.058786503970623016,0.02040816326530612,0.0049800796812749,0.9958831341301461,0.5331147500020552,0.32659168872568345,0.5512277632951736,0.025266281811529394,1.0
86,0.5976071902864731,0.2499264845380383,0.11364078521728516,0.22539782524108887,0.07230367511510849,0.02040816326530612,0.0049800796812749,0.9698539176626826,0.543175651929881,0.40168708397282493,0.5568203926086426,0.025266281811529394,1.0
87,0.5978633086700815,0.2499952570669702,0.19138196110725403,0.22534918785095215,0.06597255170345306,0.01020408163265306,0.0049800796812749,0.9596031746031746,0.5431259295185475,0.3665141761302948,0.595690980553627,0.017613220587039596,1.0
88,0.5999478277366723,0.25,0.06137145683169365,0.2234521061182022,0.05274379253387451,0.02040816326530612,0.0049800796812749,0.9806108897742364,0.5397137910127641,0.2930210696326362,0.5306857284158468,0.025266281811529394,1.0
89,0.5967463479415671,0.25,0.1277439296245575,0.21135848760604858,0.07415346056222916,0.04081632653061224,0.0049800796812749,0.9795484727755644,0.5179452776908875,0.41196366979016197,0.5638719648122787,0.04057240426050898,1.0
90,0.5974459305634604,0.2499952570669702,0.05635751783847809,0.21190135180950165,0.06616179645061493,0.015306122448979591,0.0049800796812749,0.9669322709163347,0.5189198246439366,0.3675655358367496,0.528178758919239,0.02143975119928449,1.0
91,0.6,0.24999762853348512,0.11554589122533798,0.234629288315773,0.07823393493890762,0.03571428571428571,0.0049800796812749,0.945683930942895,0.5598314146618082,0.43463297188282013,0.557772945612669,0.03674587364826409,1.0
92,0.5993976475052172,0.249933598937583,0.17304155230522156,0.21049149334430695,0.06558532267808914,0.04081632653061224,0.0049800796812749,0.9569721115537848,0.5163481674354231,0.3643629037671619,0.5865207761526108,0.04057240426050898,1.0
93,0.5999833997343957,0.25,0.02796928770840168,0.22699682414531708,0.07489756494760513,0.030612244897959183,0.0049800796812749,0.9871181938911022,0.5460942834615707,0.41609758304225075,0.5139846438542008,0.032919343036019184,1.0
94,0.5937084993359893,0.24999762853348512,0.16053347289562225,0.22409506142139435,0.0774630755186081,0.03571428571428571,0.0049800796812749,0.9790172642762284,0.5408698062519266,0.43035041954782277,0.5802667364478111,0.03674587364826409,1.0
95,0.5951313792449251,0.24994071333712767,0.01601438783109188,0.23690177500247955,0.06114829331636429,0.03571428571428571,0.0049800796812749,0.9840637450199203,0.5638905873398834,0.3397127406464683,0.5080071939155459,0.03674587364826409,1.0
96,0.5997486245494213,0.24973439575033202,0.10500006377696991,0.2288619428873062,0.0705130398273468,0.030612244897959183,0.0049800796812749,0.9756972111553784,0.5493054148598338,0.3917391101519267,0.552500031888485,0.032919343036019184,1.0
97,0.5999359704040979,0.24999051413394044,0.09012157469987869,0.232243612408638,0.07674355059862137,0.015306122448979591,0.0049800796812749,0.9561904761904761,0.5555332851092156,0.4263530588812298,0.5450607873499393,0.02143975119928449,1.0
98,0.5994142477708215,0.25,0.10734330862760544,0.2406182438135147,0.07475266605615616,0.015306122448979591,0.0049800796812749,0.9564409030544488,0.5706128388643266,0.41529258920086753,0.5536716543138027,0.02143975119928449,1.0
99,0.5997083096186682,0.24998339973439576,0.0823960080742836,0.236469566822052,0.06683486700057983,0.03571428571428571,0.0049800796812749,0.9877822045152722,0.5631360901336113,0.37130481666988796,0.5411980040371418,0.03674587364826409,1.0
100,0.5978490798709922,0.24986245494213621,0.13002613186836243,0.24644868075847626,0.07300814986228943,0.02040816326530612,0.0049800796812749,0.9678618857901726,0.5810319755834322,0.4056008325682746,0.5650130659341812,0.025266281811529394,1.0
101,0.5984443179662303,0.2487431227471068,0.23224768042564392,0.2288222759962082,0.060934558510780334,0.01020408163265306,0.0049800796812749,0.99800796812749,0.5486888143040836,0.33852532505989075,0.616123840212822,0.017613220587039596,1.0
102,0.5957787896034908,0.24999762853348512,0.0974472388625145,0.24006028473377228,0.06509925425052643,0.030612244897959183,0.0049800796812749,0.9932270916334661,0.569607208214207,0.3616625236140357,0.5487236194312572,0.032919343036019184,1.0
103,0.5999620565357617,0.2499952570669702,0.098796047270298,0.2421787530183792,0.07154448330402374,0.015306122448979591,0.0049800796812749,0.9596281540504648,0.5734191468199162,0.3974693516890208,0.549398023635149,0.02143975119928449,1.0
104,0.5999288560045533,0.24998102826788085,0.28713786602020264,0.23836348950862885,0.07385068386793137,0.025510204081632654,0.0049800796812749,0.9865873015873016,0.5665438466628665,0.41028157704406315,0.6435689330101013,0.02909281242377429,1.0
105,0.5987122936824132,0.25,0.23519328236579895,0.22313539683818817,0.07128021866083145,0.015306122448979591,0.0049800796812749,0.9625498007968127,0.5391437143087388,0.39600121478239697,0.6175966411828995,0.02143975119928449,1.0
106,0.5995233352305065,0.24997865680136597,0.12915322184562683,0.2318176031112671,0.07012087851762772,0.02040816326530612,0.0049800796812749,0.9625498007968127,0.554759946841032,0.3895604362090429,0.5645766109228134,0.025266281811529394,1.0
107,0.5987146651489281,0.24998814266742553,0.20909036695957184,0.22588986158370972,0.06787676364183426,0.04081632653061224,0.0049800796812749,0.9798140770252324,0.5440952293177616,0.3770931313435237,0.6045451834797859,0.04057240426050898,1.0
108,0.5953922405615633,0.24998339973439576,0.1644904762506485,0.2382654994726181,0.06824100017547607,0.030612244897959183,0.0049800796812749,0.9833997343957503,0.5663687689046303,0.37911666764153373,0.5822452381253242,0.032919343036019184,1.0
109,0.5970949535192563,0.24985771200910642,0.11602762341499329,0.22420834004878998,0.06611207872629166,0.015306122448979591,0.0049800796812749,0.9877822045152722,0.5409967536928305,0.36728932625717586,0.5580138117074966,0.02143975119928449,1.0
110,0.5986885790172642,0.24953044963005122,0.16781467199325562,0.20792555809020996,0.05982421338558197,0.02040816326530612,0.0049800796812749,0.9836507936507937,0.5115077518589062,0.332356741031011,0.5839073359966278,0.025266281811529394,1.0
111,0.6,0.24997628533485108,0.08446591347455978,0.24223941564559937,0.06080855429172516,0.01020408163265306,0.0049800796812749,0.9837301587301587,0.573517905096247,0.33782530162069535,0.5422329567372799,0.017613220587039596,1.0
112,0.599845854676532,0.24999288560045532,0.1273169070482254,0.22724060714244843,0.06562915444374084,0.01020408163265306,0.0049800796812749,0.9839309428950863,0.5465291799366576,0.36460641357633805,0.5636584535241127,0.017613220587039596,1.0
113,0.5990300701954089,0.24999051413394044,0.1841919720172882,0.22730477154254913,0.061574000865221024,0.01020408163265306,0.0049800796812749,0.9407142857142857,0.5466433715502557,0.34207778258456123,0.5920959860086441,0.017613220587039596,1.0
114,0.5945432555492316,0.24999051413394044,0.0470992811024189,0.22753065824508667,0.05394511669874191,0.00510204081632653,0.0049800796812749,0.9674603174603175,0.5470499676148233,0.29969509277078843,0.5235496405512094,0.013786689974794698,1.0
115,0.5997130525516979,0.25,0.09434186667203903,0.232726588845253,0.07442892342805862,0.02040816326530612,0.0049800796812749,0.981984126984127,0.5564078599214555,0.4134940190447701,0.5471709333360195,0.025266281811529394,1.0
116,0.5991320432555493,0.2496063365585278,0.15331050753593445,0.21647734940052032,0.07124204933643341,0.02040816326530612,0.0049800796812749,0.9976095617529881,0.5269427140281269,0.3957891629801856,0.5766552537679672,0.025266281811529394,1.0
117,0.5998031682792639,0.25,0.203774556517601,0.21827249228954315,0.0577668696641922,0.00510204081632653,0.0049800796812749,0.9379814077025233,0.5303904861211777,0.32092705368995667,0.6018872782588005,0.013786689974794698,1.0
118,0.5961677101119333,0.24998577120091064,0.1145239844918251,0.210781991481781,0.062146011739969254,0.01020408163265306,0.0049800796812749,0.9814077025232404,0.5168997588277067,0.34525562077760696,0.5572619922459126,0.017613220587039596,1.0
119,0.5999501992031873,0.25,0.2406914234161377,0.2186097353696823,0.06770148128271103,0.030612244897959183,0.0049800796812749,0.9883134130146083,0.5309975236654282,0.37611934045950574,0.6203457117080688,0.032919343036019184,1.0
120,0.599248245114779,0.2499952570669702,0.2247888594865799,0.22153301537036896,0.0724262148141861,0.01020408163265306,0.0049800796812749,0.896414342629482,0.5362568190534978,0.40236786007881165,0.61239442974329,0.017613220587039596,1.0
121,0.5994332195029406,0.2488806678049706,0.23628759384155273,0.23263753950595856,0.06433071941137314,0.00510204081632653,0.0049800796812749,0.964047619047619,0.5556319384034593,0.35739288561873966,0.6181437969207764,0.013786689974794698,1.0
122,0.5993549611079492,0.24868620755074938,0.15702523291110992,0.21555419266223907,0.06730072945356369,0.01020408163265306,0.0049800796812749,0.9914285714285714,0.5247749609449426,0.3738929414086872,0.578512616455555,0.017613220587039596,1.0
123,0.5999976285334852,0.2488166382090685,0.11322512477636337,0.2207222729921341,0.06097807362675667,0.02040816326530612,0.0049800796812749,0.945,0.5341492424008291,0.3387670757042037,0.5566125623881817,0.025266281811529394,1.0
124,0.5999905141339404,0.25,0.10410697013139725,0.20758341252803802,0.07330895215272903,0.02040816326530612,0.0049800796812749,0.9803174603174604,0.5111501425504685,0.40727195640405023,0.5520534850656986,0.025266281811529394,1.0
125,0.5995091064314172,0.24997628533485108,0.16959522664546967,0.20142805576324463,0.06957829743623734,0.015306122448979591,0.0049800796812749,0.9833997343957503,0.5000574573080084,0.3865460968679852,0.5847976133227348,0.02143975119928449,1.0
126,0.5964475431606906,0.24998814266742553,0.17380346357822418,0.19530093669891357,0.06597673892974854,0.03571428571428571,0.0049800796812749,0.9901726427622842,0.48903516452512846,0.366537438498603,0.5869017317891121,0.03674587364826409,1.0
127,0.599471162967179,0.24985296907607665,0.15469658374786377,0.21600423753261566,0.0707172378897667,0.025510204081632654,0.0049800796812749,0.9835325365205844,0.5262267605505504,0.3928735438320372,0.5773482918739319,0.02909281242377429,1.0
128,0.5995897362929236,0.24916524378675772,0.19891862571239471,0.21699298918247223,0.06855273246765137,0.01020408163265306,0.0049800796812749,0.9811111111111112,0.5276282646111667,0.3808485137091743,0.5994593128561974,0.017613220587039596,1.0
129,0.5998766837412256,0.24975573894896605,0.16085198521614075,0.23503172397613525,0.044011250138282776,0.02040816326530612,0.0049800796812749,0.9932270916334661,0.5604227595789748,0.2445069452126821,0.5804259926080704,0.025266281811529394,1.0
130,0.5989873837981408,0.25,0.11258356273174286,0.2305898517370224,0.038604170083999634,0.025510204081632654,0.0049800796812749,0.9904382470119522,0.5525617331266404,0.21446761157777575,0.5562917813658714,0.02909281242377429,1.0
131,0.5942515651678998,0.24939053310567255,0.12431306391954422,0.24564020335674286,0.04789377748966217,0.015306122448979591,0.0049800796812749,0.9252380952380952,0.5793171592502571,0.2660765416092343,0.5621565319597721,0.02143975119928449,1.0
132,0.5998814266742554,0.24998814266742553,0.2238670140504837,0.2267691045999527,0.04685356840491295,0.01020408163265306,0.0049800796812749,0.9818061088977423,0.5456778667469989,0.26029760224951637,0.6119335070252419,0.017613220587039596,1.0
133,0.5994616771011193,0.25,0.06560694426298141,0.2251017689704895,0.05810218304395676,0.025510204081632654,0.0049800796812749,0.9702523240371846,0.5426831841468811,0.32278990579975975,0.5328034721314907,0.02909281242377429,1.0
134,0.5962981407702523,0.24955416429520016,0.0574134923517704,0.21012751758098602,0.06032456085085869,0.030612244897959183,0.0049800796812749,0.9692063492063492,0.5154843220081349,0.33513644917143715,0.5287067461758852,0.032919343036019184,1.0
135,0.5990751280591918,0.24933598937583,0.187605619430542,0.21961045265197754,0.05613478273153305,0.015306122448979591,0.0049800796812749,0.9873837981407703,0.5324336089302661,0.3118599040640725,0.593802809715271,0.02143975119928449,1.0
136,0.5996798520204895,0.24994308480364258,0.0441913940012455,0.2124369889497757,0.054689668118953705,0.030612244897959183,0.0049800796812749,0.9787516600265604,0.5198552767515997,0.3038314895497428,0.5220956970006227,0.032919343036019184,1.0
137,0.599293302978562,0.24992411307152343,0.18023060262203217,0.22299861907958984,0.03414293751120567,0.00510204081632653,0.0049800796812749,0.9831341301460823,0.5388557765325996,0.18968298617336485,0.5901153013110161,0.013786689974794698,1.0
138,0.5991676152532727,0.24994071333712767,0.1989242136478424,0.21076780557632446,0.06374108046293259,0.030612244897959183,0.0049800796812749,0.9764940239043824,0.5168494423728043,0.35411711368295884,0.5994621068239212,0.032919343036019184,1.0
139,0.5990229557958642,0.24999762853348512,0.09544610977172852,0.2157686948776245,0.0760345384478569,0.01020408163265306,0.0049800796812749,0.9524568393094289,0.525882346473141,0.4224141024880939,0.5477230548858643,0.017613220587039596,1.0
140,0.596682318345665,0.24999051413394044,0.12264249473810196,0.1907673329114914,0.05815644562244415,0.03571428571428571,0.0049800796812749,0.9926958831341302,0.4808759820143518,0.3230913645691342,0.561321247369051,0.03674587364826409,1.0
141,0.5988190096755834,0.24958025042686396,0.22428524494171143,0.19289346039295197,0.05713273584842682,0.02040816326530612,0.0049800796812749,0.9879150066401062,0.4844773664420887,0.3174040880468157,0.6121426224708557,0.025266281811529394,1.0
142,0.5978775374691709,0.24996205653576173,0.19031740725040436,0.20179127156734467,0.07114800065755844,0.02040816326530612,0.0049800796812749,0.9682602921646747,0.5007034199158894,0.39526667031976914,0.5951587036252022,0.025266281811529394,1.0
143,0.5995209637639917,0.24999288560045532,0.1484740674495697,0.2011900395154953,0.061930324882268906,0.02040816326530612,0.0049800796812749,0.9626826029216468,0.49963815820814195,0.3440573604570495,0.5742370337247849,0.025266281811529394,1.0
144,0.5998150256118384,0.2497699677480554,0.17112471163272858,0.21219390630722046,0.07127980142831802,0.03571428571428571,0.0049800796812749,0.9893758300132802,0.5193225136144273,0.39599889682398903,0.5855623558163643,0.03674587364826409,1.0
145,0.598321001707456,0.2499715424018213,0.022083528339862823,0.1956358700990677,0.06904104351997375,0.030612244897959183,0.004897078353253652,0.9662698412698413,0.48962891449932355,0.3835613528887431,0.5110417641699314,0.03275334037997669,1.0
146,0.5992055587175109,0.25,0.15860779583454132,0.228241428732872,0.06025686860084534,0.015306122448979591,0.0049800796812749,0.8717131474103585,0.5483345717191697,0.3347603811158074,0.5793038979172707,0.02143975119928449,1.0
147,0.5996371656232214,0.2499952570669702,0.2183295041322708,0.22606725990772247,0.06743133068084717,0.015306122448979591,0.0049800796812749,0.9833997343957503,0.5444184592207341,0.3746185037824843,0.6091647520661354,0.02143975119928449,1.0
148,0.5995019920318725,0.2499952570669702,0.18249249458312988,0.2048644870519638,0.06573110818862915,0.030612244897959183,0.0049800796812749,0.9949535192563081,0.5062534680803685,0.365172823270162,0.5912462472915649,0.032919343036019184,1.0
149,0.5981692278505027,0.25,0.23251590132713318,0.22897784411907196,0.03706171736121178,0.01020408163265306,0.0049800796812749,0.9811420982735723,0.5496601194143296,0.20589842978450987,0.6162579506635666,0.017613220587039596,1.0
150,0.5999810282678809,0.24999051413394044,0.1530497670173645,0.22207646071910858,0.06257885694503784,0.030612244897959183,0.0049800796812749,0.9378486055776892,0.5372324120680627,0.34766031636132133,0.5765248835086823,0.032919343036019184,1.0
151,0.599824511477898,0.24999051413394044,0.20671726763248444,0.22110331058502197,0.036071743816137314,0.0,0.0,0.949535192563081,0.5354807418267068,0.20039857675631842,0.6033586338162422,0.0,1.0
152,0.599957313602732,0.24999762853348512,0.10996584594249725,0.23389685153961182,0.07513508945703506,0.04081632653061224,0.0049800796812749,0.9743691899070385,0.5585130284647182,0.4174171636501948,0.5549829229712486,0.04057240426050898,1.0
153,0.5997462530829065,0.24885458167330676,0.2897786796092987,0.23341967165470123,0.07956218719482422,0.02040816326530612,0.0049800796812749,0.9949206349206349,0.5570254288987809,0.4420121510823568,0.6448893398046494,0.025266281811529394,1.0
154,0.599957313602732,0.2494403339024853,0.19337409734725952,0.223890021443367,0.07023484259843826,0.04591836734693878,0.0049800796812749,0.9863213811420982,0.5401942222444276,0.3901935699913237,0.5966870486736298,0.044398934872753884,1.0
155,0.5996940808195789,0.24999762853348512,0.10780273377895355,0.2225998044013977,0.066824771463871,0.025510204081632654,0.0049800796812749,0.9936507936507937,0.5381783436159326,0.3712487303548389,0.5539013668894768,0.02909281242377429,1.0
156,0.5985036046291027,0.24999288560045532,0.030021267011761665,0.21862763166427612,0.06555038690567017,0.02040816326530612,0.0049800796812749,0.9264276228419654,0.5310258240759475,0.36416881614261204,0.5150106335058808,0.025266281811529394,1.0
157,0.5999810282678809,0.2498387402769873,0.04337193816900253,0.20523619651794434,0.052492834627628326,0.01020408163265306,0.0049800796812749,0.9674603174603175,0.5068364608846428,0.2916268590423796,0.5216859690845013,0.017613220587039596,1.0
158,0.5998980269398596,0.2499027698728894,0.06520287692546844,0.21435825526714325,0.05469639599323273,0.01020408163265306,0.0049800796812749,0.9903054448871182,0.523291382910947,0.3038688666290707,0.5326014384627342,0.017613220587039596,1.0
159,0.5974151014987669,0.24987905520774048,0.13778305053710938,0.23385441303253174,0.05864735320210457,0.015306122448979591,0.0049800796812749,0.996031746031746,0.5583714238228144,0.32581862890058094,0.5688915252685547,0.02143975119928449,1.0
160,0.5997201669512426,0.24995494213621702,0.13351242244243622,0.18593937158584595,0.043942034244537354,0.015306122448979591,0.0049800796812749,0.9852380952380952,0.47216608702944207,0.24412241246965197,0.5667562112212181,0.02143975119928449,1.0
161,0.5999264845380383,0.24994308480364258,0.18090246617794037,0.1684790402650833,0.047961365431547165,0.0,0.0,0.991984126984127,0.44073096911915344,0.26645203017526203,0.5904512330889702,0.0,1.0
162,0.5996822234870044,0.24965850882185545,0.02398327738046646,0.1722469925880432,0.04990383982658386,0.01020408163265306,0.0049800796812749,0.9903174603174603,0.44735676651049827,0.27724355459213257,0.5119916386902332,0.017613220587039596,1.0
163,0.5998155929038282,0.24997899159663867,0.13184385001659393,0.17186075448989868,0.04794301837682724,0.01020408163265306,0.005042016806722689,0.984920634920635,0.44683780345996893,0.2663501020934847,0.565921925008297,0.017737094837935174,1.0
164,0.5992553688141924,0.2499906629318394,0.13868272304534912,0.1621265560388565,0.05363500490784645,0.025510204081632654,0.005042016806722689,0.9620915032679739,0.42932266548245335,0.29797224948803586,0.5693413615226746,0.029216686674669867,1.0
165,0.5991223155929039,0.2473062558356676,-0.005015292204916477,0.1569971889257431,0.04500211402773857,0.01020408163265306,0.005042016806722689,0.9864285714285714,0.4186133807759548,0.25001174459854764,0.49749235389754176,0.017737094837935174,1.0
166,0.5981535947712419,0.2499953314659197,0.19546854496002197,0.15272657573223114,0.043451372534036636,0.025510204081632654,0.005042016806722689,0.9511111111111111,0.41240526862427196,0.24139651407798132,0.597734272480011,0.029216686674669867,1.0
167,0.5996125116713352,0.24971288515406162,0.09974145889282227,0.16137497127056122,0.050433188676834106,0.00510204081632653,0.005042016806722689,0.9416666666666667,0.42781703512174407,0.28018438153796726,0.5498707294464111,0.013910564225690276,1.0
168,0.5996171802054155,0.24801120448179273,0.08301518112421036,0.18020258843898773,0.027328098192811012,0.02040816326530612,0.005042016806722689,0.933968253968254,0.4607708216551639,0.15182276773783895,0.5415075905621052,0.025390156062424972,1.0
169,0.5991596638655462,0.2498062558356676,0.2904367744922638,0.170850470662117,0.045713212341070175,0.025510204081632654,0.005042016806722689,0.9810457516339869,0.4449242879014278,0.25396229078372323,0.6452183872461319,0.029216686674669867,1.0
170,0.5982563025210084,0.24948412698412697,0.24241432547569275,0.17388971149921417,0.0484071783721447,0.03571428571428571,0.005042016806722689,0.973015873015873,0.45021775053985535,0.26892876873413724,0.6212071627378464,0.036869747899159665,1.0
171,0.5995471521942111,0.24787114845938377,0.1394651085138321,0.1622515618801117,0.03398328274488449,0.04591836734693878,0.005042016806722689,0.9773809523809524,0.42838194303686217,0.1887960152493583,0.569732554256916,0.04452280912364946,1.0
172,0.5995448179271708,0.24822128851540617,0.2551024556159973,0.17778801918029785,0.03459376469254494,0.025510204081632654,0.005042016806722689,0.9504575163398693,0.45654014320800956,0.19218758162524965,0.6275512278079987,0.029216686674669867,1.0
173,0.5775957049486461,0.24766339869281045,0.20603559911251068,0.16021277010440826,0.03887341916561127,0.030612244897959183,0.005042016806722689,0.9318954248366013,0.42459785546898066,0.2159634398089515,0.6030177995562553,0.03304321728691476,1.0
174,0.5994047619047619,0.24972689075630253,0.17774467170238495,0.17044322192668915,0.04720170795917511,0.030612244897959183,0.005042016806722689,0.990718954248366,0.4441475893840069,0.2622317108843062,0.5888723358511925,0.03304321728691476,1.0
175,0.5996300512236767,0.24987668374122557,0.30837273597717285,0.16156451404094696,0.03848880156874657,0.04081632653061224,0.0049800796812749,0.9923809523809524,0.4282483013313786,0.21382667538192537,0.6541863679885864,0.04057240426050898,1.0
176,0.5997604818819958,0.24985296907607665,0.18218378722667694,0.17186611890792847,0.04066266492009163,0.030612244897959183,0.0049800796812749,0.9670634920634921,0.4467781470261134,0.22590369400050905,0.5910918936133385,0.032919343036019184,1.0
177,0.5997035666856384,0.24995731360273193,0.13166256248950958,0.17651589214801788,0.046527307480573654,0.03571428571428571,0.0049800796812749,0.9262698412698412,0.4552051283479348,0.2584850415587425,0.5658312812447548,0.03674587364826409,1.0
178,0.5937796433314362,0.24939053310567255,0.08887789398431778,0.17456944286823273,0.045160554349422455,0.030612244897959183,0.0049800796812749,0.9836653386454183,0.45138979037093885,0.2508919686079025,0.5444389469921589,0.032919343036019184,1.0
179,0.5992340163156896,0.2474269588313413,0.316646546125412,0.16677241027355194,0.04794185236096382,0.025510204081632654,0.0049800796812749,0.9661111111111111,0.4362751658496312,0.2663436242275768,0.658323273062706,0.02909281242377429,1.0
180,0.5993929045721874,0.249933598937583,0.14547884464263916,0.1724315881729126,0.04766730219125748,0.03571428571428571,0.0049800796812749,0.9503968253968254,0.4478403381269134,0.264818345506986,0.5727394223213196,0.03674587364826409,1.0
181,0.5990964712578258,0.24999762853348512,0.2213568389415741,0.16835159063339233,0.04101085662841797,0.030612244897959183,0.0049800796812749,0.9786507936507937,0.440531558833523,0.22783809238009983,0.610678419470787,0.032919343036019184,1.0
182,0.5988522102067919,0.25,0.19958297908306122,0.1792284995317459,0.04778871685266495,0.025510204081632654,0.0049800796812749,0.9593650793650793,0.46011129915714266,0.26549287140369415,0.5997914895415306,0.02909281242377429,1.0
183,0.5870517928286852,0.2486126920887877,0.021356936544179916,0.16770672798156738,0.05055050924420357,0.030612244897959183,0.0049800796812749,0.9272244355909695,0.4386090910156546,0.28083616246779763,0.51067846827209,0.032919343036019184,1.0
184,0.5934096945551128,0.24975811041548093,0.14275403320789337,0.17169056832790375,0.04331596940755844,0.03571428571428571,0.0049800796812749,0.9745019920318725,0.4464099837187413,0.2406442744864358,0.5713770166039467,0.03674587364826409,1.0
185,0.5986885790172642,0.2495091064314172,0.2221934050321579,0.16838796436786652,0.044993091374635696,0.030612244897959183,0.0049800796812749,0.9767460317460317,0.4403283443994392,0.2499616187479761,0.611096702516079,0.032919343036019184,1.0
186,0.5996727376209448,0.2482901726427623,0.09913408011198044,0.17061124742031097,0.04593558609485626,0.025510204081632654,0.0049800796812749,0.9697619047619047,0.44365984031007905,0.25519770052697927,0.5495670400559902,0.02909281242377429,1.0
187,0.5986411496869665,0.2499644280022766,0.2215539664030075,0.17358122766017914,0.05445774272084236,0.04081632653061224,0.0049800796812749,0.9603968253968254,0.4499266451895746,0.3025430151157909,0.6107769832015038,0.04057240426050898,1.0
188,0.599248245114779,0.24888778220451527,0.1731574982404709,0.1821567267179489,0.0472370870411396,0.05612244897959184,0.0049800796812749,0.9567065073041169,0.46477038830479145,0.26242826133966446,0.5865787491202354,0.052051996097243675,1.0
189,0.5989186112692089,0.24978656801365964,0.20505933463573456,0.1801568865776062,0.04821271821856499,0.03571428571428571,0.0049800796812749,0.9618253968253968,0.46166500824720397,0.2678484345475833,0.6025296673178673,0.03674587364826409,1.0
190,0.5987478656801366,0.2499027698728894,0.11539189517498016,0.16744719445705414,0.046540141105651855,0.030612244897959183,0.0049800796812749,0.9175298804780877,0.43885147345278663,0.25855633947584367,0.5576959475874901,0.032919343036019184,1.0
191,0.598029311326124,0.24952096376399166,0.10684382170438766,0.1744861602783203,0.04287050664424896,0.030612244897959183,0.0049800796812749,0.9536520584329349,0.451311618571172,0.2381694813569387,0.5534219108521938,0.032919343036019184,1.0
192,0.5997936824132043,0.24952096376399166,0.15787222981452942,0.1706511527299881,0.05376496911048889,0.030612244897959183,0.0049800796812749,0.9443559096945551,0.444408604984174,0.29869427283604943,0.5789361149072647,0.032919343036019184,1.0
193,0.5981383987858091,0.24995257066970214,0.025434765964746475,0.17596030235290527,0.05195369943976402,0.025510204081632654,0.0049800796812749,0.9770252324037184,0.4542024581035657,0.2886316635542446,0.5127173829823732,0.02909281242377429,1.0
194,0.5991059571238854,0.24864352115348132,0.08935942500829697,0.1754264086484909,0.04735235869884491,0.030612244897959183,0.0049800796812749,0.8841965471447543,0.45252147220169836,0.26306865943802726,0.5446797125041485,0.032919343036019184,1.0
195,0.5991913299184215,0.24902769872889394,0.06600237637758255,0.18715620040893555,0.04987313598394394,0.01020408163265306,0.0049800796812749,0.8900398406374502,0.4738463950369757,0.27707297768857747,0.5330011881887913,0.017613220587039596,1.0
196,0.5999430848036426,0.2499003984063745,0.09239015728235245,0.17803676426410675,0.04370934143662453,0.01020408163265306,0.0049800796812749,0.924047619047619,0.45791139479889814,0.24282967464791405,0.5461950786411762,0.017613220587039596,1.0
197,0.5948847467273762,0.24873600834756213,-0.051932405680418015,0.15632851421833038,0.03835321590304375,0.015306122448979591,0.004897078353253652,0.8742363877822045,0.41819613018415386,0.21307342168357638,0.474033797159791,0.021273748543241995,1.0
198,0.5984134889015367,0.24987668374122557,0.12360110133886337,0.15902253985404968,0.03499537706375122,0.02040816326530612,0.0049800796812749,0.988015873015873,0.42367274779496356,0.19441876146528456,0.5618005506694317,0.025266281811529394,1.0
199,0.5984988616960728,0.24845854676531967,0.07022849470376968,0.1955360621213913,0.04009038954973221,0.030612244897959183,0.0049800796812749,0.9191235059760956,0.4886171125394302,0.22272438638740116,0.5351142473518848,0.032919343036019184,1.0
200,0.5790884082716752,0.24999762853348512,0.19606417417526245,0.16810794174671173,0.025922581553459167,0.030612244897959183,0.0049800796812749,0.9957142857142857,0.440092990837498,0.14401434196366206,0.5980320870876312,0.032919343036019184,1.0
201,0.5999644280022766,0.24978893948017453,0.1773480325937271,0.1735130399465561,0.05484481528401375,0.030612244897959183,0.0049800796812749,0.9654714475431607,0.449707388617897,0.30469341824452084,0.5886740162968636,0.032919343036019184,1.0
202,0.599978656801366,0.249800796812749,0.23269100487232208,0.15506450831890106,0.038881100714206696,0.01020408163265306,0.0049800796812749,0.976031746031746,0.4165065532210339,0.2160061150789261,0.616345502436161,0.017613220587039596,1.0
203,0.5997936824132043,0.24990514133940428,0.09917823225259781,0.16882836818695068,0.03711555898189545,0.03571428571428571,0.0049800796812749,0.9411686586985392,0.4413388904731836,0.20619754989941916,0.5495891161262989,0.03674587364826409,1.0
204,0.598693321950294,0.2497723392145703,0.16594436764717102,0.1762170046567917,0.04140771925449371,0.030612244897959183,0.0049800796812749,0.9557768924302789,0.45456539495023873,0.23004288474718732,0.5829721838235855,0.032919343036019184,1.0
205,0.5948088597988996,0.24997391386833617,0.11826596409082413,0.16192586719989777,0.04772213101387024,0.03571428571428571,0.0049800796812749,0.9274900398406375,0.4289522135874009,0.2651229500770569,0.5591329820454121,0.03674587364826409,1.0
206,0.5902485296907608,0.24687915006640107,0.22377550601959229,0.17420847713947296,0.026600083336234093,0.03571428571428571,0.0049800796812749,0.9072222222222223,0.44935879138757195,0.14777824075685608,0.6118877530097961,0.03674587364826409,1.0
207,0.5997936824132043,0.24998814266742553,0.23031297326087952,0.16941671073436737,0.043161503970623016,0.061224489795918366,0.0049800796812749,0.9423638778220451,0.44244355778894534,0.23978613317012787,0.6151564866304398,0.05587852670948857,1.0
208,0.5934025801555682,0.24971779548472775,0.11426535993814468,0.15522076189517975,0.039319563657045364,0.03571428571428571,0.0049800796812749,0.9189907038512616,0.4167421589279238,0.2184420203169187,0.5571326799690723,0.03674587364826409,1.0
209,0.5995968506924683,0.24994071333712767,0.32742464542388916,0.1521245539188385,0.04411712661385536,0.03571428571428571,0.0049800796812749,0.9185922974767596,0.4112915893893295,0.24509514785475203,0.6637123227119446,0.03674587364826409,1.0
210,0.5998980269398596,0.24700958072472018,0.4438849985599518,0.1501896232366562,0.04109020531177521,0.04591836734693878,0.0049800796812749,0.7630810092961487,0.40619659122457724,0.22827891839875117,0.7219424992799759,0.044398934872753884,1.0
211,0.5998766837412256,0.249667994687915,0.34176987409591675,0.1322222501039505,0.03542858734726906,0.0663265306122449,0.0049800796812749,0.8897742363877822,0.3753174472654642,0.19682548526260588,0.6708849370479584,0.05970505732173347,1.0
212,0.5999928856004553,0.24988854107380004,0.4663591980934143,0.12336388975381851,0.03611097112298012,0.07142857142857142,0.0049800796812749,0.7159362549800797,0.3594936991474633,0.20061650623877844,0.7331795990467072,0.06353158793397837,1.0
213,0.6,0.24939290457218743,0.4979932904243469,0.14219467341899872,0.038493186235427856,0.061224489795918366,0.004897078353253652,0.7115873015873015,0.3931165096689008,0.21385103464126587,0.7489966452121735,0.05571252405344607,1.0
214,0.5909860557768924,0.24967985202048948,0.4971467852592468,0.08296569436788559,0.05824112147092819,0.1989795918367347,0.004897078353253652,0.8435590969455511,0.28666216847346326,0.32356178594960106,0.7485733926296234,0.1590288505840583,1.0
215,0.5998428677958879,0.24841536167039524,0.12305369228124619,0.13768525421619415,0.015528750605881214,0.0,0.0,0.8840130786439512,0.3844619065078669,0.08627083669934008,0.5615268461406231,0.0,1.0
216,0.5988521932070319,0.2499978665301246,0.012873440980911255,0.10329455137252808,0.040638670325279236,0.00510204081632653,0.0049923195084485405,0.9977598566308243,0.32342901906211907,0.22577039069599578,0.5064367204904556,0.01381116962914198,1.0
217,0.5984856442577031,0.24077599789915966,-0.02705349586904049,0.10889407247304916,0.04090084508061409,0.0,0.0,0.9983915441176471,0.3284361292960263,0.22722691711452273,0.48647325206547976,0.0,1.0
