{
  "title":"Lecture 3 Part 2: Finite-Difference Approximations",
  "description": null,
  "file": "/courses/18-s096-matrix-calculus-for-machine-learning-and-beyond-january-iap-2023/ocw_18s096_lecture03-part2_2023jan23_360p_16_9.mp4",
  "learning_resource_types": ["Lecture Videos"],
  "resource_type": "Video",
  "file_type": "video/mp4",
  "youtube_key":  "gtG62xaelPE",
  "captions_file": "/courses/18-s096-matrix-calculus-for-machine-learning-and-beyond-january-iap-2023/1_XDieLWJP4p5DE7UXiXwBipmXi0ACNg8_transcript.webvtt",
  "transcript_file": "/courses/18-s096-matrix-calculus-for-machine-learning-and-beyond-january-iap-2023/1_XDieLWJP4p5DE7UXiXwBipmXi0ACNg8_transcript.pdf",
  "thumbnail_file": "https://img.youtube.com/vi/gtG62xaelPE/default.jpg",
  "archive_url": ""}
