{
  "title":"Lecture 6 Part 1: Adjoint Differentiation of ODE Solutions",
  "description": null,
  "file": "/courses/18-s096-matrix-calculus-for-machine-learning-and-beyond-january-iap-2023/ocw_18s096_lecture06-part1_2023jan30_360p_16_9.mp4",
  "learning_resource_types": ["Lecture Videos"],
  "resource_type": "Video",
  "file_type": "video/mp4",
  "youtube_key":  "cvBHoCAUkD4",
  "captions_file": "/courses/18-s096-matrix-calculus-for-machine-learning-and-beyond-january-iap-2023/1htxMS__1IWJEd7adujbPgMCJIUkYUS3Q_transcript.webvtt",
  "transcript_file": "/courses/18-s096-matrix-calculus-for-machine-learning-and-beyond-january-iap-2023/1htxMS__1IWJEd7adujbPgMCJIUkYUS3Q_transcript.pdf",
  "thumbnail_file": "https://img.youtube.com/vi/cvBHoCAUkD4/default.jpg",
  "archive_url": ""}
