
{ 
  "title":"Lecture Videos",
  "description":"", 
  "videos": [{
          "description": null,
          "file": "/courses/18-s096-matrix-calculus-for-machine-learning-and-beyond-january-iap-2023/ocw_18s096_lecture01_part1_2023jan18_360p_16_9.mp4"
        },{
          "description": null,
          "file": "/courses/18-s096-matrix-calculus-for-machine-learning-and-beyond-january-iap-2023/ocw_18s096_lecture01-part2_2023jan18_360p_16_9.mp4"
        },{
          "description": null,
          "file": "/courses/18-s096-matrix-calculus-for-machine-learning-and-beyond-january-iap-2023/ocw_18s096_lecture02-part1_2023jan20_360p_16_9.mp4"
        },{
          "description": null,
          "file": "/courses/18-s096-matrix-calculus-for-machine-learning-and-beyond-january-iap-2023/ocw_18s096_lecture02-part2_2023jan20_360p_16_9.mp4"
        },{
          "description": null,
          "file": "/courses/18-s096-matrix-calculus-for-machine-learning-and-beyond-january-iap-2023/ocw_18s096_lecture03-part1_2023jan23_360p_16_9.mp4"
        },{
          "description": null,
          "file": "/courses/18-s096-matrix-calculus-for-machine-learning-and-beyond-january-iap-2023/ocw_18s096_lecture03-part2_2023jan23_360p_16_9.mp4"
        },{
          "description": null,
          "file": "/courses/18-s096-matrix-calculus-for-machine-learning-and-beyond-january-iap-2023/ocw_18s096_lecture04-part1_2023jan26_360p_16_9.mp4"
        },{
          "description": null,
          "file": "/courses/18-s096-matrix-calculus-for-machine-learning-and-beyond-january-iap-2023/ocw_18s096_lecture04-part2_2023jan26_360p_16_9.mp4"
        },{
          "description": null,
          "file": "/courses/18-s096-matrix-calculus-for-machine-learning-and-beyond-january-iap-2023/ocw_18s096_lecture05-part1-new_2023jan27_360p_16_9.mp4"
        },{
          "description": null,
          "file": "/courses/18-s096-matrix-calculus-for-machine-learning-and-beyond-january-iap-2023/ocw_18s096_lecture05-part2-new_2023jan27_360p_16_9.mp4"
        },{
          "description": null,
          "file": "/courses/18-s096-matrix-calculus-for-machine-learning-and-beyond-january-iap-2023/ocw_18s096_lecture05-part3-new_2023jan27_360p_16_9.mp4"
        },{
          "description": null,
          "file": "/courses/18-s096-matrix-calculus-for-machine-learning-and-beyond-january-iap-2023/ocw_18s096_lecture06-part1_2023jan30_360p_16_9.mp4"
        },{
          "description": null,
          "file": "/courses/18-s096-matrix-calculus-for-machine-learning-and-beyond-january-iap-2023/ocw_18s096_lecture06-part2_2023jan30_360p_16_9.mp4"
        },{
          "description": null,
          "file": "/courses/18-s096-matrix-calculus-for-machine-learning-and-beyond-january-iap-2023/ocw_18s096_lecture07-part1_2023feb01_360p_16_9.mp4"
        },{
          "description": null,
          "file": "/courses/18-s096-matrix-calculus-for-machine-learning-and-beyond-january-iap-2023/ocw_18s096_lecture07-part2_2023feb01_360p_16_9.mp4"
        },{
          "description": null,
          "file": "/courses/18-s096-matrix-calculus-for-machine-learning-and-beyond-january-iap-2023/ocw_18s096_lecture08-part1_2023feb03_360p_16_9.mp4"
        },{
          "description": null,
          "file": "/courses/18-s096-matrix-calculus-for-machine-learning-and-beyond-january-iap-2023/ocw_18s096_lecture08-part2_2023feb03_360p_16_9.mp4"
        }]}


