<?xml version="1.0" encoding="utf-8" standalone="yes"?>
<rss version="2.0" xmlns:atom="http://www.w3.org/2005/Atom">
  <channel>
    <title>Problem Sets With Solutions on MIT OpenCourseWare</title>
    <link>/resources/problem-sets-with-solutions/</link>
    <description>Recent content in Problem Sets With Solutions on MIT OpenCourseWare</description>
    <generator>Hugo</generator>
    <language>en-us</language>
    <atom:link href="/resources/problem-sets-with-solutions/index.xml" rel="self" type="application/rss+xml" />
    <item>
      <title>mit18_s096iap23_pset1sol_t.tex</title>
      <link>/resources/mit18_s096iap23_pset1sol_t_tex/data.json</link>
      <pubDate>Mon, 01 Jan 0001 00:00:00 +0000</pubDate>
      <guid>/resources/mit18_s096iap23_pset1sol_t_tex/data.json</guid>
      <description></description>
    </item>
    <item>
      <title>mit18_s096iap23_pset2sol_t.tex</title>
      <link>/resources/mit18_s096iap23_pset2sol_t_tex/data.json</link>
      <pubDate>Mon, 01 Jan 0001 00:00:00 +0000</pubDate>
      <guid>/resources/mit18_s096iap23_pset2sol_t_tex/data.json</guid>
      <description></description>
    </item>
    <item>
      <title>Problem Set 1 Solutions</title>
      <link>/resources/mit18_s096iap23_pset1sol_pdf/data.json</link>
      <pubDate>Mon, 01 Jan 0001 00:00:00 +0000</pubDate>
      <guid>/resources/mit18_s096iap23_pset1sol_pdf/data.json</guid>
      <description></description>
    </item>
    <item>
      <title>Problem Set 2 Solutions</title>
      <link>/resources/mit18_s096iap23_pset2sol_pdf/data.json</link>
      <pubDate>Mon, 01 Jan 0001 00:00:00 +0000</pubDate>
      <guid>/resources/mit18_s096iap23_pset2sol_pdf/data.json</guid>
      <description></description>
    </item>
  </channel>
</rss>
